id_subsistema;nom_subsistema;ear_data;ear_max_subsistema;ear_verif_subsistema_mwmes;ear_verif_subsistema_percentual
NE;NORDESTE;2010-01-01;51766.00000000;34287.00000000;66.23999786
N;NORTE;2010-01-01;12415.00000000;6943.00000000;55.93000031
SE;SUDESTE;2010-01-01;193032.00000000;140565.00000000;72.81999969
S;SUL;2010-01-01;18895.00000000;18368.00000000;97.20999908
NE;NORDESTE;2010-01-02;51766.00000000;34325.00000000;66.30999756
N;NORTE;2010-01-02;12415.00000000;7115.00000000;57.31000137
SE;SUDESTE;2010-01-02;193032.00000000;141110.00000000;73.09999847
S;SUL;2010-01-02;18895.00000000;18337.00000000;97.05000305
NE;NORDESTE;2010-01-03;51766.00000000;34343.00000000;66.33999634
N;NORTE;2010-01-03;12415.00000000;7317.00000000;58.93999863
SE;SUDESTE;2010-01-03;193032.00000000;141367.00000000;73.23000336
S;SUL;2010-01-03;18895.00000000;18343.00000000;97.08000183
NE;NORDESTE;2010-01-04;51766.00000000;34557.00000000;66.76000214
N;NORTE;2010-01-04;12415.00000000;7416.00000000;59.74000168
SE;SUDESTE;2010-01-04;193032.00000000;141421.00000000;73.26000214
S;SUL;2010-01-04;18895.00000000;18458.00000000;97.69000244
NE;NORDESTE;2010-01-05;51766.00000000;34460.00000000;66.56999969
N;NORTE;2010-01-05;12415.00000000;7524.00000000;60.61000061
SE;SUDESTE;2010-01-05;193032.00000000;141534.00000000;73.31999969
S;SUL;2010-01-05;18895.00000000;18565.00000000;98.25000000
NE;NORDESTE;2010-01-06;51766.00000000;34815.00000000;67.25000000
N;NORTE;2010-01-06;12415.00000000;7658.00000000;61.68000031
SE;SUDESTE;2010-01-06;193032.00000000;141404.00000000;73.25000000
S;SUL;2010-01-06;18895.00000000;18609.00000000;98.48000336
NE;NORDESTE;2010-01-07;51766.00000000;34823.00000000;67.26999664
N;NORTE;2010-01-07;12415.00000000;7774.00000000;62.61999893
SE;SUDESTE;2010-01-07;193032.00000000;141439.00000000;73.26999664
S;SUL;2010-01-07;18895.00000000;18627.00000000;98.58000183
NE;NORDESTE;2010-01-08;51766.00000000;35069.00000000;67.75000000
N;NORTE;2010-01-08;12415.00000000;7928.00000000;63.86000061
SE;SUDESTE;2010-01-08;193032.00000000;141646.00000000;73.37999725
S;SUL;2010-01-08;18895.00000000;18612.00000000;98.50000000
NE;NORDESTE;2010-01-09;51766.00000000;35279.00000000;68.15000153
N;NORTE;2010-01-09;12415.00000000;8132.00000000;65.50000000
SE;SUDESTE;2010-01-09;193032.00000000;141886.00000000;73.50000000
S;SUL;2010-01-09;18895.00000000;18595.00000000;98.41000366
NE;NORDESTE;2010-01-10;51766.00000000;35471.00000000;68.51999664
N;NORTE;2010-01-10;12415.00000000;8366.00000000;67.38999939
SE;SUDESTE;2010-01-10;193032.00000000;142061.00000000;73.58999634
S;SUL;2010-01-10;18895.00000000;18596.00000000;98.41999817
NE;NORDESTE;2010-01-11;51766.00000000;35692.00000000;68.94999695
N;NORTE;2010-01-11;12415.00000000;8526.00000000;68.68000031
SE;SUDESTE;2010-01-11;193032.00000000;142006.00000000;73.56999969
S;SUL;2010-01-11;18895.00000000;18590.00000000;98.37999725
NE;NORDESTE;2010-01-12;51766.00000000;35660.00000000;68.88999939
N;NORTE;2010-01-12;12415.00000000;8657.00000000;69.73000336
SE;SUDESTE;2010-01-12;193032.00000000;142213.00000000;73.66999817
S;SUL;2010-01-12;18895.00000000;18546.00000000;98.15000153
NE;NORDESTE;2010-01-13;51766.00000000;35764.00000000;69.08999634
N;NORTE;2010-01-13;12415.00000000;8756.00000000;70.52999878
SE;SUDESTE;2010-01-13;193032.00000000;142378.00000000;73.76000214
S;SUL;2010-01-13;18895.00000000;18539.00000000;98.11000061
NE;NORDESTE;2010-01-14;51766.00000000;36092.00000000;69.72000122
N;NORTE;2010-01-14;12415.00000000;8852.00000000;71.30000305
SE;SUDESTE;2010-01-14;193032.00000000;142705.00000000;73.93000031
S;SUL;2010-01-14;18895.00000000;18554.00000000;98.19000244
NE;NORDESTE;2010-01-15;51766.00000000;36137.00000000;69.80999756
N;NORTE;2010-01-15;12415.00000000;8962.00000000;72.19000244
SE;SUDESTE;2010-01-15;193032.00000000;142979.00000000;74.06999969
S;SUL;2010-01-15;18895.00000000;18562.00000000;98.23999786
NE;NORDESTE;2010-01-16;51766.00000000;36258.00000000;70.04000092
N;NORTE;2010-01-16;12415.00000000;9098.00000000;73.27999878
SE;SUDESTE;2010-01-16;193032.00000000;143315.00000000;74.23999786
S;SUL;2010-01-16;18895.00000000;18534.00000000;98.08999634
NE;NORDESTE;2010-01-17;51766.00000000;36510.00000000;70.52999878
N;NORTE;2010-01-17;12415.00000000;9306.00000000;74.95999908
SE;SUDESTE;2010-01-17;193032.00000000;143669.00000000;74.43000031
S;SUL;2010-01-17;18895.00000000;18521.00000000;98.01999664
NE;NORDESTE;2010-01-18;51766.00000000;36591.00000000;70.69000244
N;NORTE;2010-01-18;12415.00000000;9439.00000000;76.02999878
SE;SUDESTE;2010-01-18;193032.00000000;143649.00000000;74.41999817
S;SUL;2010-01-18;18895.00000000;18492.00000000;97.87000275
NE;NORDESTE;2010-01-19;51766.00000000;36644.00000000;70.79000092
N;NORTE;2010-01-19;12415.00000000;9563.00000000;77.02999878
SE;SUDESTE;2010-01-19;193032.00000000;143803.00000000;74.50000000
S;SUL;2010-01-19;18895.00000000;18515.00000000;97.98999786
NE;NORDESTE;2010-01-20;51766.00000000;36675.00000000;70.84999847
N;NORTE;2010-01-20;12415.00000000;9678.00000000;77.95999908
SE;SUDESTE;2010-01-20;193032.00000000;144033.00000000;74.62000275
S;SUL;2010-01-20;18895.00000000;18529.00000000;98.05999756
NE;NORDESTE;2010-01-21;51766.00000000;36744.00000000;70.98000336
N;NORTE;2010-01-21;12415.00000000;9803.00000000;78.95999908
SE;SUDESTE;2010-01-21;193032.00000000;144417.00000000;74.80999756
S;SUL;2010-01-21;18895.00000000;18450.00000000;97.63999939
NE;NORDESTE;2010-01-22;51766.00000000;36827.00000000;71.13999939
N;NORTE;2010-01-22;12415.00000000;9897.00000000;79.72000122
SE;SUDESTE;2010-01-22;193032.00000000;144667.00000000;74.94000244
S;SUL;2010-01-22;18895.00000000;18296.00000000;96.83000183
NE;NORDESTE;2010-01-23;51766.00000000;36912.00000000;71.30999756
N;NORTE;2010-01-23;12415.00000000;10047.00000000;80.93000031
SE;SUDESTE;2010-01-23;193032.00000000;144966.00000000;75.09999847
S;SUL;2010-01-23;18895.00000000;18167.00000000;96.15000153
NE;NORDESTE;2010-01-24;51766.00000000;36935.00000000;71.34999847
N;NORTE;2010-01-24;12415.00000000;10223.00000000;82.34999847
SE;SUDESTE;2010-01-24;193032.00000000;145272.00000000;75.26000214
S;SUL;2010-01-24;18895.00000000;18110.00000000;95.83999634
NE;NORDESTE;2010-01-25;51766.00000000;36976.00000000;71.43000031
N;NORTE;2010-01-25;12415.00000000;10367.00000000;83.51000214
SE;SUDESTE;2010-01-25;193032.00000000;145638.00000000;75.44999695
S;SUL;2010-01-25;18895.00000000;18055.00000000;95.55000305
NE;NORDESTE;2010-01-26;51766.00000000;37155.00000000;71.77999878
N;NORTE;2010-01-26;12415.00000000;10443.00000000;84.12000275
SE;SUDESTE;2010-01-26;193032.00000000;146131.00000000;75.69999695
S;SUL;2010-01-26;18895.00000000;17942.00000000;94.94999695
NE;NORDESTE;2010-01-27;51766.00000000;37061.00000000;71.58999634
N;NORTE;2010-01-27;12415.00000000;10525.00000000;84.77999878
SE;SUDESTE;2010-01-27;193032.00000000;146548.00000000;75.91999817
S;SUL;2010-01-27;18895.00000000;17963.00000000;95.06999969
NE;NORDESTE;2010-01-28;51766.00000000;36950.00000000;71.37999725
N;NORTE;2010-01-28;12415.00000000;10633.00000000;85.65000153
SE;SUDESTE;2010-01-28;193032.00000000;146741.00000000;76.01999664
S;SUL;2010-01-28;18895.00000000;18054.00000000;95.55000305
NE;NORDESTE;2010-01-29;51766.00000000;36928.00000000;71.33999634
N;NORTE;2010-01-29;12415.00000000;10768.00000000;86.73999786
SE;SUDESTE;2010-01-29;193032.00000000;147113.00000000;76.20999908
S;SUL;2010-01-29;18895.00000000;18040.00000000;95.47000122
NE;NORDESTE;2010-01-30;51766.00000000;36831.00000000;71.15000153
N;NORTE;2010-01-30;12415.00000000;10906.00000000;87.84999847
SE;SUDESTE;2010-01-30;193561.00000000;147954.00000000;76.44000244
S;SUL;2010-01-30;18895.00000000;18139.00000000;96.00000000
NE;NORDESTE;2010-01-31;51766.00000000;36853.00000000;71.19000244
N;NORTE;2010-01-31;12415.00000000;11089.00000000;89.31999969
SE;SUDESTE;2010-01-31;193561.00000000;148451.00000000;76.69000244
S;SUL;2010-01-31;18895.00000000;18210.00000000;96.37000275
NE;NORDESTE;2010-02-01;51766.00000000;36779.00000000;71.05000305
N;NORTE;2010-02-01;12415.00000000;11178.00000000;90.04000092
SE;SUDESTE;2010-02-01;193561.00000000;148523.00000000;76.73000336
S;SUL;2010-02-01;18895.00000000;18217.00000000;96.41000366
NE;NORDESTE;2010-02-02;51766.00000000;36920.00000000;71.31999969
N;NORTE;2010-02-02;12415.00000000;11256.00000000;90.66999817
SE;SUDESTE;2010-02-02;193561.00000000;148496.00000000;76.72000122
S;SUL;2010-02-02;18895.00000000;18281.00000000;96.75000000
NE;NORDESTE;2010-02-03;51766.00000000;36813.00000000;71.11000061
N;NORTE;2010-02-03;12415.00000000;11317.00000000;91.16000366
SE;SUDESTE;2010-02-03;193561.00000000;148348.00000000;76.63999939
S;SUL;2010-02-03;18895.00000000;18300.00000000;96.84999847
NE;NORDESTE;2010-02-04;51766.00000000;36816.00000000;71.12000275
N;NORTE;2010-02-04;12415.00000000;11358.00000000;91.48999786
SE;SUDESTE;2010-02-04;193561.00000000;148080.00000000;76.50000000
S;SUL;2010-02-04;18895.00000000;18286.00000000;96.77999878
NE;NORDESTE;2010-02-05;51766.00000000;36635.00000000;70.76999664
N;NORTE;2010-02-05;12415.00000000;11410.00000000;91.91000366
SE;SUDESTE;2010-02-05;193561.00000000;147749.00000000;76.33000183
S;SUL;2010-02-05;18895.00000000;18252.00000000;96.59999847
NE;NORDESTE;2010-02-06;51766.00000000;36702.00000000;70.90000153
N;NORTE;2010-02-06;12415.00000000;11456.00000000;92.27999878
SE;SUDESTE;2010-02-06;193561.00000000;147769.00000000;76.33999634
S;SUL;2010-02-06;18895.00000000;18256.00000000;96.62000275
NE;NORDESTE;2010-02-07;51766.00000000;36766.00000000;71.01999664
N;NORTE;2010-02-07;12415.00000000;11535.00000000;92.91000366
SE;SUDESTE;2010-02-07;193561.00000000;147846.00000000;76.37999725
S;SUL;2010-02-07;18895.00000000;18279.00000000;96.73999786
NE;NORDESTE;2010-02-08;51766.00000000;36733.00000000;70.95999908
N;NORTE;2010-02-08;12415.00000000;11558.00000000;93.09999847
SE;SUDESTE;2010-02-08;193561.00000000;147738.00000000;76.33000183
S;SUL;2010-02-08;18895.00000000;18297.00000000;96.83000183
NE;NORDESTE;2010-02-09;51766.00000000;36916.00000000;71.30999756
N;NORTE;2010-02-09;12415.00000000;11583.00000000;93.30000305
SE;SUDESTE;2010-02-09;193561.00000000;147616.00000000;76.26000214
S;SUL;2010-02-09;18895.00000000;18352.00000000;97.12000275
NE;NORDESTE;2010-02-10;51766.00000000;36595.00000000;70.69000244
N;NORTE;2010-02-10;12415.00000000;11607.00000000;93.48999786
SE;SUDESTE;2010-02-10;193561.00000000;147679.00000000;76.30000305
S;SUL;2010-02-10;18895.00000000;18323.00000000;96.97000122
NE;NORDESTE;2010-02-11;51766.00000000;36505.00000000;70.51999664
N;NORTE;2010-02-11;12415.00000000;11673.00000000;94.02999878
SE;SUDESTE;2010-02-11;193561.00000000;147750.00000000;76.33000183
S;SUL;2010-02-11;18895.00000000;18306.00000000;96.87999725
NE;NORDESTE;2010-02-12;51766.00000000;36395.00000000;70.30999756
N;NORTE;2010-02-12;12415.00000000;11735.00000000;94.51999664
SE;SUDESTE;2010-02-12;193561.00000000;147746.00000000;76.33000183
S;SUL;2010-02-12;18895.00000000;18319.00000000;96.94999695
NE;NORDESTE;2010-02-13;51766.00000000;36443.00000000;70.40000153
N;NORTE;2010-02-13;12415.00000000;11804.00000000;95.08000183
SE;SUDESTE;2010-02-13;193561.00000000;147871.00000000;76.38999939
S;SUL;2010-02-13;18895.00000000;18321.00000000;96.95999908
NE;NORDESTE;2010-02-14;51766.00000000;36166.00000000;69.86000061
N;NORTE;2010-02-14;12415.00000000;11909.00000000;95.93000031
SE;SUDESTE;2010-02-14;193561.00000000;147907.00000000;76.41000366
S;SUL;2010-02-14;18895.00000000;18325.00000000;96.98000336
NE;NORDESTE;2010-02-15;51766.00000000;36242.00000000;70.01000214
N;NORTE;2010-02-15;12415.00000000;11995.00000000;96.62000275
SE;SUDESTE;2010-02-15;193561.00000000;147791.00000000;76.34999847
S;SUL;2010-02-15;18895.00000000;18340.00000000;97.05999756
NE;NORDESTE;2010-02-16;51766.00000000;36264.00000000;70.05000305
N;NORTE;2010-02-16;12415.00000000;12034.00000000;96.93000031
SE;SUDESTE;2010-02-16;193561.00000000;147737.00000000;76.33000183
S;SUL;2010-02-16;18895.00000000;18390.00000000;97.33000183
NE;NORDESTE;2010-02-17;51766.00000000;36117.00000000;69.76999664
N;NORTE;2010-02-17;12415.00000000;12020.00000000;96.81999969
SE;SUDESTE;2010-02-17;193561.00000000;147601.00000000;76.26000214
S;SUL;2010-02-17;18895.00000000;18419.00000000;97.48000336
NE;NORDESTE;2010-02-18;51766.00000000;36008.00000000;69.55999756
N;NORTE;2010-02-18;12415.00000000;12002.00000000;96.68000031
SE;SUDESTE;2010-02-18;193561.00000000;147696.00000000;76.30000305
S;SUL;2010-02-18;18895.00000000;18451.00000000;97.65000153
NE;NORDESTE;2010-02-19;51766.00000000;35519.00000000;68.61000061
N;NORTE;2010-02-19;12415.00000000;11997.00000000;96.63999939
SE;SUDESTE;2010-02-19;193561.00000000;147854.00000000;76.38999939
S;SUL;2010-02-19;18895.00000000;18442.00000000;97.59999847
NE;NORDESTE;2010-02-20;51766.00000000;35611.00000000;68.79000092
N;NORTE;2010-02-20;12415.00000000;12045.00000000;97.01999664
SE;SUDESTE;2010-02-20;193561.00000000;148132.00000000;76.52999878
S;SUL;2010-02-20;18895.00000000;18419.00000000;97.48000336
NE;NORDESTE;2010-02-21;51766.00000000;35676.00000000;68.91999817
N;NORTE;2010-02-21;12415.00000000;12113.00000000;97.56999969
SE;SUDESTE;2010-02-21;193561.00000000;148449.00000000;76.69000244
S;SUL;2010-02-21;18895.00000000;18442.00000000;97.59999847
NE;NORDESTE;2010-02-22;51766.00000000;35552.00000000;68.68000031
N;NORTE;2010-02-22;12415.00000000;12132.00000000;97.72000122
SE;SUDESTE;2010-02-22;193561.00000000;148398.00000000;76.66999817
S;SUL;2010-02-22;18895.00000000;18405.00000000;97.41000366
NE;NORDESTE;2010-02-23;51766.00000000;35371.00000000;68.33000183
N;NORTE;2010-02-23;12415.00000000;12134.00000000;97.73999786
SE;SUDESTE;2010-02-23;193561.00000000;148464.00000000;76.69999695
S;SUL;2010-02-23;18895.00000000;18377.00000000;97.26000214
NE;NORDESTE;2010-02-24;51766.00000000;35260.00000000;68.11000061
N;NORTE;2010-02-24;12415.00000000;12136.00000000;97.75000000
SE;SUDESTE;2010-02-24;193561.00000000;148549.00000000;76.75000000
S;SUL;2010-02-24;18895.00000000;18358.00000000;97.16000366
NE;NORDESTE;2010-02-25;51766.00000000;35201.00000000;68.00000000
N;NORTE;2010-02-25;12415.00000000;12163.00000000;97.97000122
SE;SUDESTE;2010-02-25;193561.00000000;148859.00000000;76.91000366
S;SUL;2010-02-25;18895.00000000;18363.00000000;97.18000031
NE;NORDESTE;2010-02-26;51766.00000000;35238.00000000;68.06999969
N;NORTE;2010-02-26;12415.00000000;12171.00000000;98.04000092
SE;SUDESTE;2010-02-26;193561.00000000;149197.00000000;77.08000183
S;SUL;2010-02-26;18895.00000000;18360.00000000;97.16999817
NE;NORDESTE;2010-02-27;51766.00000000;35231.00000000;68.05999756
N;NORTE;2010-02-27;12415.00000000;12186.00000000;98.16000366
SE;SUDESTE;2010-02-27;193561.00000000;149729.00000000;77.34999847
S;SUL;2010-02-27;18895.00000000;18356.00000000;97.15000153
NE;NORDESTE;2010-02-28;51766.00000000;35415.00000000;68.41000366
N;NORTE;2010-02-28;12415.00000000;12205.00000000;98.30999756
SE;SUDESTE;2010-02-28;193561.00000000;150673.00000000;77.83999634
S;SUL;2010-02-28;18895.00000000;18345.00000000;97.08999634
NE;NORDESTE;2010-03-01;51766.00000000;35598.00000000;68.76999664
N;NORTE;2010-03-01;12415.00000000;12216.00000000;98.40000153
SE;SUDESTE;2010-03-01;193561.00000000;151592.00000000;78.31999969
S;SUL;2010-03-01;18895.00000000;18306.00000000;96.87999725
NE;NORDESTE;2010-03-02;51766.00000000;35380.00000000;68.34999847
N;NORTE;2010-03-02;12415.00000000;12217.00000000;98.41000366
SE;SUDESTE;2010-03-02;193563.00000000;152713.00000000;78.90000153
S;SUL;2010-03-02;18895.00000000;18248.00000000;96.56999969
NE;NORDESTE;2010-03-03;51809.00000000;35509.00000000;68.54000092
N;NORTE;2010-03-03;12415.00000000;12206.00000000;98.31999969
SE;SUDESTE;2010-03-03;193575.00000000;153648.00000000;79.37000275
S;SUL;2010-03-03;18895.00000000;18166.00000000;96.13999939
NE;NORDESTE;2010-03-04;51809.00000000;35527.00000000;68.56999969
N;NORTE;2010-03-04;12415.00000000;12180.00000000;98.11000061
SE;SUDESTE;2010-03-04;193575.00000000;154421.00000000;79.76999664
S;SUL;2010-03-04;18895.00000000;18059.00000000;95.56999969
NE;NORDESTE;2010-03-05;51809.00000000;35444.00000000;68.41000366
N;NORTE;2010-03-05;12415.00000000;12159.00000000;97.94000244
SE;SUDESTE;2010-03-05;193575.00000000;154932.00000000;80.04000092
S;SUL;2010-03-05;18895.00000000;17946.00000000;94.98000336
NE;NORDESTE;2010-03-06;51809.00000000;35881.00000000;69.26000214
N;NORTE;2010-03-06;12415.00000000;12213.00000000;98.37999725
SE;SUDESTE;2010-03-06;193575.00000000;155490.00000000;80.33000183
S;SUL;2010-03-06;18895.00000000;17883.00000000;94.63999939
NE;NORDESTE;2010-03-07;51809.00000000;35982.00000000;69.44999695
N;NORTE;2010-03-07;12415.00000000;12269.00000000;98.83000183
SE;SUDESTE;2010-03-07;193575.00000000;155894.00000000;80.52999878
S;SUL;2010-03-07;18895.00000000;17869.00000000;94.56999969
NE;NORDESTE;2010-03-08;51809.00000000;36079.00000000;69.63999939
N;NORTE;2010-03-08;12415.00000000;12241.00000000;98.59999847
SE;SUDESTE;2010-03-08;193575.00000000;155953.00000000;80.55999756
S;SUL;2010-03-08;18895.00000000;17772.00000000;94.05000305
NE;NORDESTE;2010-03-09;51809.00000000;36085.00000000;69.65000153
N;NORTE;2010-03-09;12415.00000000;12224.00000000;98.45999908
SE;SUDESTE;2010-03-09;193575.00000000;155951.00000000;80.55999756
S;SUL;2010-03-09;18895.00000000;17658.00000000;93.44999695
NE;NORDESTE;2010-03-10;51809.00000000;36089.00000000;69.66000366
N;NORTE;2010-03-10;12415.00000000;12215.00000000;98.38999939
SE;SUDESTE;2010-03-10;193575.00000000;155839.00000000;80.51000214
S;SUL;2010-03-10;18895.00000000;17538.00000000;92.81999969
NE;NORDESTE;2010-03-11;51809.00000000;36089.00000000;69.66000366
N;NORTE;2010-03-11;12415.00000000;12231.00000000;98.51999664
SE;SUDESTE;2010-03-11;193575.00000000;155796.00000000;80.48000336
S;SUL;2010-03-11;18895.00000000;17404.00000000;92.11000061
NE;NORDESTE;2010-03-12;51809.00000000;36050.00000000;69.58000183
N;NORTE;2010-03-12;12415.00000000;12237.00000000;98.56999969
SE;SUDESTE;2010-03-12;193575.00000000;155765.00000000;80.47000122
S;SUL;2010-03-12;18895.00000000;17260.00000000;91.34999847
NE;NORDESTE;2010-03-13;51809.00000000;36213.00000000;69.90000153
N;NORTE;2010-03-13;12415.00000000;12230.00000000;98.51000214
SE;SUDESTE;2010-03-13;193575.00000000;155657.00000000;80.41000366
S;SUL;2010-03-13;18895.00000000;17166.00000000;90.84999847
NE;NORDESTE;2010-03-14;51809.00000000;36387.00000000;70.23000336
N;NORTE;2010-03-14;12415.00000000;12240.00000000;98.58999634
SE;SUDESTE;2010-03-14;193575.00000000;155808.00000000;80.48999786
S;SUL;2010-03-14;18895.00000000;17234.00000000;91.20999908
NE;NORDESTE;2010-03-15;51809.00000000;36221.00000000;69.91000366
N;NORTE;2010-03-15;12415.00000000;12252.00000000;98.69000244
SE;SUDESTE;2010-03-15;193575.00000000;155927.00000000;80.55000305
S;SUL;2010-03-15;18895.00000000;17195.00000000;91.00000000
NE;NORDESTE;2010-03-16;51809.00000000;36165.00000000;69.80000305
N;NORTE;2010-03-16;12415.00000000;12253.00000000;98.69999695
SE;SUDESTE;2010-03-16;193575.00000000;156263.00000000;80.72000122
S;SUL;2010-03-16;18895.00000000;17118.00000000;90.58999634
NE;NORDESTE;2010-03-17;51809.00000000;36332.00000000;70.12999725
N;NORTE;2010-03-17;12415.00000000;12253.00000000;98.69999695
SE;SUDESTE;2010-03-17;193575.00000000;156516.00000000;80.86000061
S;SUL;2010-03-17;18895.00000000;17020.00000000;90.08000183
NE;NORDESTE;2010-03-18;51809.00000000;36554.00000000;70.55999756
N;NORTE;2010-03-18;12415.00000000;12245.00000000;98.62999725
SE;SUDESTE;2010-03-18;193575.00000000;156702.00000000;80.94999695
S;SUL;2010-03-18;18895.00000000;16919.00000000;89.54000092
NE;NORDESTE;2010-03-19;51809.00000000;36570.00000000;70.58999634
N;NORTE;2010-03-19;12415.00000000;12240.00000000;98.58999634
SE;SUDESTE;2010-03-19;193575.00000000;156746.00000000;80.97000122
S;SUL;2010-03-19;18895.00000000;16791.00000000;88.86000061
NE;NORDESTE;2010-03-20;51809.00000000;36831.00000000;71.08999634
N;NORTE;2010-03-20;12415.00000000;12253.00000000;98.69999695
SE;SUDESTE;2010-03-20;193575.00000000;156909.00000000;81.05999756
S;SUL;2010-03-20;18895.00000000;16715.00000000;88.45999908
NE;NORDESTE;2010-03-21;51809.00000000;37126.00000000;71.66000366
N;NORTE;2010-03-21;12415.00000000;12316.00000000;99.19999695
SE;SUDESTE;2010-03-21;193575.00000000;157265.00000000;81.23999786
S;SUL;2010-03-21;18895.00000000;16703.00000000;88.40000153
NE;NORDESTE;2010-03-22;51809.00000000;36986.00000000;71.38999939
N;NORTE;2010-03-22;12415.00000000;12334.00000000;99.34999847
SE;SUDESTE;2010-03-22;193575.00000000;157437.00000000;81.33000183
S;SUL;2010-03-22;18895.00000000;16622.00000000;87.97000122
NE;NORDESTE;2010-03-23;51809.00000000;37300.00000000;72.00000000
N;NORTE;2010-03-23;12415.00000000;12356.00000000;99.52999878
SE;SUDESTE;2010-03-23;193575.00000000;157770.00000000;81.50000000
S;SUL;2010-03-23;18895.00000000;16557.00000000;87.62000275
NE;NORDESTE;2010-03-24;51809.00000000;37203.00000000;71.80999756
N;NORTE;2010-03-24;12415.00000000;12339.00000000;99.38999939
SE;SUDESTE;2010-03-24;193575.00000000;158118.00000000;81.68000031
S;SUL;2010-03-24;18895.00000000;16597.00000000;87.83999634
NE;NORDESTE;2010-03-25;51809.00000000;37376.00000000;72.13999939
N;NORTE;2010-03-25;12415.00000000;12352.00000000;99.48999786
SE;SUDESTE;2010-03-25;193575.00000000;158460.00000000;81.86000061
S;SUL;2010-03-25;18895.00000000;16736.00000000;88.56999969
NE;NORDESTE;2010-03-26;51809.00000000;37483.00000000;72.34999847
N;NORTE;2010-03-26;12415.00000000;12347.00000000;99.44999695
SE;SUDESTE;2010-03-26;193575.00000000;158752.00000000;82.01000214
S;SUL;2010-03-26;18895.00000000;16935.00000000;89.62999725
NE;NORDESTE;2010-03-27;51809.00000000;37615.00000000;72.59999847
N;NORTE;2010-03-27;12415.00000000;12335.00000000;99.36000061
SE;SUDESTE;2010-03-27;193575.00000000;159065.00000000;82.16999817
S;SUL;2010-03-27;18895.00000000;17182.00000000;90.93000031
NE;NORDESTE;2010-03-28;51809.00000000;37574.00000000;72.51999664
N;NORTE;2010-03-28;12415.00000000;12321.00000000;99.25000000
SE;SUDESTE;2010-03-28;193575.00000000;159445.00000000;82.37000275
S;SUL;2010-03-28;18895.00000000;17354.00000000;91.83999634
NE;NORDESTE;2010-03-29;51809.00000000;37780.00000000;72.91999817
N;NORTE;2010-03-29;12415.00000000;12282.00000000;98.93000031
SE;SUDESTE;2010-03-29;193575.00000000;159529.00000000;82.41000366
S;SUL;2010-03-29;18895.00000000;17343.00000000;91.77999878
NE;NORDESTE;2010-03-30;51809.00000000;37759.00000000;72.87999725
N;NORTE;2010-03-30;12415.00000000;12279.00000000;98.91000366
SE;SUDESTE;2010-03-30;193575.00000000;159646.00000000;82.47000122
S;SUL;2010-03-30;18895.00000000;17401.00000000;92.08999634
NE;NORDESTE;2010-03-31;51809.00000000;37792.00000000;72.94999695
N;NORTE;2010-03-31;12415.00000000;12277.00000000;98.88999939
SE;SUDESTE;2010-03-31;193575.00000000;159719.00000000;82.51000214
S;SUL;2010-03-31;18895.00000000;17455.00000000;92.37999725
NE;NORDESTE;2010-04-01;51809.00000000;37812.00000000;72.98000336
N;NORTE;2010-04-01;12415.00000000;12294.00000000;99.02999878
SE;SUDESTE;2010-04-01;193575.00000000;159760.00000000;82.52999878
S;SUL;2010-04-01;18895.00000000;17504.00000000;92.63999939
NE;NORDESTE;2010-04-02;51809.00000000;37779.00000000;72.91999817
N;NORTE;2010-04-02;12415.00000000;12348.00000000;99.45999908
SE;SUDESTE;2010-04-02;193575.00000000;160035.00000000;82.66999817
S;SUL;2010-04-02;18895.00000000;17542.00000000;92.83999634
NE;NORDESTE;2010-04-03;51809.00000000;38132.00000000;73.59999847
N;NORTE;2010-04-03;12415.00000000;12361.00000000;99.56999969
SE;SUDESTE;2010-04-03;193575.00000000;160366.00000000;82.83999634
S;SUL;2010-04-03;18895.00000000;17535.00000000;92.80000305
NE;NORDESTE;2010-04-04;51809.00000000;38130.00000000;73.59999847
N;NORTE;2010-04-04;12415.00000000;12395.00000000;99.83999634
SE;SUDESTE;2010-04-04;193575.00000000;160947.00000000;83.13999939
S;SUL;2010-04-04;18895.00000000;17507.00000000;92.65000153
NE;NORDESTE;2010-04-05;51809.00000000;38297.00000000;73.91999817
N;NORTE;2010-04-05;12415.00000000;12352.00000000;99.48999786
SE;SUDESTE;2010-04-05;193575.00000000;161385.00000000;83.37000275
S;SUL;2010-04-05;18895.00000000;17409.00000000;92.12999725
NE;NORDESTE;2010-04-06;51809.00000000;38307.00000000;73.94000244
N;NORTE;2010-04-06;12415.00000000;12332.00000000;99.33000183
SE;SUDESTE;2010-04-06;193575.00000000;161781.00000000;83.58000183
S;SUL;2010-04-06;18895.00000000;17346.00000000;91.80000305
NE;NORDESTE;2010-04-07;51809.00000000;38432.00000000;74.18000031
N;NORTE;2010-04-07;12415.00000000;12330.00000000;99.31999969
SE;SUDESTE;2010-04-07;193575.00000000;161945.00000000;83.66000366
S;SUL;2010-04-07;18895.00000000;17357.00000000;91.86000061
NE;NORDESTE;2010-04-08;51809.00000000;38867.00000000;75.01999664
N;NORTE;2010-04-08;12415.00000000;12347.00000000;99.44999695
SE;SUDESTE;2010-04-08;193575.00000000;162049.00000000;83.70999908
S;SUL;2010-04-08;18895.00000000;17385.00000000;92.01000214
NE;NORDESTE;2010-04-09;51809.00000000;39037.00000000;75.34999847
N;NORTE;2010-04-09;12415.00000000;12364.00000000;99.58999634
SE;SUDESTE;2010-04-09;193575.00000000;162011.00000000;83.69000244
S;SUL;2010-04-09;18895.00000000;17436.00000000;92.27999878
NE;NORDESTE;2010-04-10;51809.00000000;39073.00000000;75.41999817
N;NORTE;2010-04-10;12415.00000000;12357.00000000;99.54000092
SE;SUDESTE;2010-04-10;193575.00000000;162018.00000000;83.69999695
S;SUL;2010-04-10;18895.00000000;17473.00000000;92.47000122
NE;NORDESTE;2010-04-11;51809.00000000;39203.00000000;75.66999817
N;NORTE;2010-04-11;12415.00000000;12380.00000000;99.72000122
SE;SUDESTE;2010-04-11;193575.00000000;161918.00000000;83.65000153
S;SUL;2010-04-11;18895.00000000;17514.00000000;92.69000244
NE;NORDESTE;2010-04-12;51809.00000000;39251.00000000;75.76000214
N;NORTE;2010-04-12;12415.00000000;12357.00000000;99.54000092
SE;SUDESTE;2010-04-12;193575.00000000;161679.00000000;83.51999664
S;SUL;2010-04-12;18895.00000000;17502.00000000;92.62999725
NE;NORDESTE;2010-04-13;51809.00000000;39413.00000000;76.06999969
N;NORTE;2010-04-13;12415.00000000;12313.00000000;99.18000031
SE;SUDESTE;2010-04-13;193575.00000000;161495.00000000;83.43000031
S;SUL;2010-04-13;18895.00000000;17435.00000000;92.26999664
NE;NORDESTE;2010-04-14;51809.00000000;39466.00000000;76.18000031
N;NORTE;2010-04-14;12415.00000000;12280.00000000;98.91000366
SE;SUDESTE;2010-04-14;193575.00000000;161450.00000000;83.40000153
S;SUL;2010-04-14;18895.00000000;17325.00000000;91.69000244
NE;NORDESTE;2010-04-15;51809.00000000;39713.00000000;76.65000153
N;NORTE;2010-04-15;12415.00000000;12257.00000000;98.73000336
SE;SUDESTE;2010-04-15;193575.00000000;161306.00000000;83.33000183
S;SUL;2010-04-15;18895.00000000;17192.00000000;90.98999786
NE;NORDESTE;2010-04-16;51809.00000000;39757.00000000;76.73999786
N;NORTE;2010-04-16;12415.00000000;12272.00000000;98.84999847
SE;SUDESTE;2010-04-16;193575.00000000;161091.00000000;83.22000122
S;SUL;2010-04-16;18895.00000000;17048.00000000;90.22000122
NE;NORDESTE;2010-04-17;51809.00000000;39785.00000000;76.79000092
N;NORTE;2010-04-17;12415.00000000;12290.00000000;99.00000000
SE;SUDESTE;2010-04-17;193575.00000000;161059.00000000;83.19999695
S;SUL;2010-04-17;18895.00000000;16955.00000000;89.73000336
NE;NORDESTE;2010-04-18;51809.00000000;39847.00000000;76.91000366
N;NORTE;2010-04-18;12415.00000000;12365.00000000;99.59999847
SE;SUDESTE;2010-04-18;193575.00000000;161084.00000000;83.22000122
S;SUL;2010-04-18;18895.00000000;16870.00000000;89.27999878
NE;NORDESTE;2010-04-19;51809.00000000;39881.00000000;76.98000336
N;NORTE;2010-04-19;12415.00000000;12339.00000000;99.38999939
SE;SUDESTE;2010-04-19;193575.00000000;160648.00000000;82.98999786
S;SUL;2010-04-19;18895.00000000;16718.00000000;88.48000336
NE;NORDESTE;2010-04-20;51809.00000000;40033.00000000;77.26999664
N;NORTE;2010-04-20;12415.00000000;12277.00000000;98.88999939
SE;SUDESTE;2010-04-20;193575.00000000;160400.00000000;82.86000061
S;SUL;2010-04-20;18895.00000000;16564.00000000;87.66000366
NE;NORDESTE;2010-04-21;51809.00000000;40233.00000000;77.66000366
N;NORTE;2010-04-21;12415.00000000;12244.00000000;98.62000275
SE;SUDESTE;2010-04-21;193575.00000000;160428.00000000;82.87999725
S;SUL;2010-04-21;18895.00000000;16538.00000000;87.51999664
NE;NORDESTE;2010-04-22;51809.00000000;40047.00000000;77.30000305
N;NORTE;2010-04-22;12415.00000000;12270.00000000;98.83000183
SE;SUDESTE;2010-04-22;193575.00000000;160077.00000000;82.69999695
S;SUL;2010-04-22;18895.00000000;16816.00000000;89.00000000
NE;NORDESTE;2010-04-23;51809.00000000;40196.00000000;77.58999634
N;NORTE;2010-04-23;12415.00000000;12313.00000000;99.18000031
SE;SUDESTE;2010-04-23;193575.00000000;159778.00000000;82.54000092
S;SUL;2010-04-23;18895.00000000;17133.00000000;90.66999817
NE;NORDESTE;2010-04-24;51809.00000000;40126.00000000;77.44999695
N;NORTE;2010-04-24;12415.00000000;12334.00000000;99.34999847
SE;SUDESTE;2010-04-24;193575.00000000;159807.00000000;82.55999756
S;SUL;2010-04-24;18895.00000000;17083.00000000;90.41000366
NE;NORDESTE;2010-04-25;51809.00000000;40220.00000000;77.62999725
N;NORTE;2010-04-25;12415.00000000;12362.00000000;99.58000183
SE;SUDESTE;2010-04-25;193575.00000000;159868.00000000;82.58999634
S;SUL;2010-04-25;18895.00000000;17109.00000000;90.55000305
NE;NORDESTE;2010-04-26;51809.00000000;40255.00000000;77.69999695
N;NORTE;2010-04-26;12415.00000000;12340.00000000;99.40000153
SE;SUDESTE;2010-04-26;193575.00000000;159430.00000000;82.36000061
S;SUL;2010-04-26;18895.00000000;17211.00000000;91.08999634
NE;NORDESTE;2010-04-27;51809.00000000;40104.00000000;77.41000366
N;NORTE;2010-04-27;12415.00000000;12319.00000000;99.23000336
SE;SUDESTE;2010-04-27;193575.00000000;159053.00000000;82.16999817
S;SUL;2010-04-27;18895.00000000;17087.00000000;90.43000031
NE;NORDESTE;2010-04-28;51809.00000000;40152.00000000;77.50000000
N;NORTE;2010-04-28;12415.00000000;12320.00000000;99.23999786
SE;SUDESTE;2010-04-28;193575.00000000;158850.00000000;82.05999756
S;SUL;2010-04-28;18895.00000000;16944.00000000;89.66999817
NE;NORDESTE;2010-04-29;51809.00000000;39983.00000000;77.16999817
N;NORTE;2010-04-29;12415.00000000;12318.00000000;99.22000122
SE;SUDESTE;2010-04-29;193575.00000000;158542.00000000;81.90000153
S;SUL;2010-04-29;18895.00000000;16942.00000000;89.66000366
NE;NORDESTE;2010-04-30;51809.00000000;39932.00000000;77.08000183
N;NORTE;2010-04-30;12415.00000000;12332.00000000;99.33000183
SE;SUDESTE;2010-04-30;193575.00000000;158356.00000000;81.80999756
S;SUL;2010-04-30;18895.00000000;16908.00000000;89.48000336
NE;NORDESTE;2010-05-01;51809.00000000;39881.00000000;76.98000336
N;NORTE;2010-05-01;12415.00000000;12337.00000000;99.37000275
SE;SUDESTE;2010-05-01;193575.00000000;158481.00000000;81.87000275
S;SUL;2010-05-01;18895.00000000;16884.00000000;89.36000061
NE;NORDESTE;2010-05-02;51809.00000000;39750.00000000;76.72000122
N;NORTE;2010-05-02;12415.00000000;12361.00000000;99.56999969
SE;SUDESTE;2010-05-02;193575.00000000;158491.00000000;81.87999725
S;SUL;2010-05-02;18895.00000000;16790.00000000;88.86000061
NE;NORDESTE;2010-05-03;51809.00000000;39872.00000000;76.95999908
N;NORTE;2010-05-03;12415.00000000;12340.00000000;99.40000153
SE;SUDESTE;2010-05-03;193575.00000000;158073.00000000;81.66000366
S;SUL;2010-05-03;18895.00000000;16675.00000000;88.25000000
NE;NORDESTE;2010-05-04;51809.00000000;39604.00000000;76.44000244
N;NORTE;2010-05-04;12415.00000000;12343.00000000;99.41999817
SE;SUDESTE;2010-05-04;193575.00000000;157658.00000000;81.44999695
S;SUL;2010-05-04;18895.00000000;16568.00000000;87.68000031
NE;NORDESTE;2010-05-05;51809.00000000;39811.00000000;76.83999634
N;NORTE;2010-05-05;12415.00000000;12381.00000000;99.73000336
SE;SUDESTE;2010-05-05;193575.00000000;157383.00000000;81.30000305
S;SUL;2010-05-05;18895.00000000;16470.00000000;87.16000366
NE;NORDESTE;2010-05-06;51809.00000000;39641.00000000;76.51000214
N;NORTE;2010-05-06;12415.00000000;12388.00000000;99.77999878
SE;SUDESTE;2010-05-06;193575.00000000;157164.00000000;81.19000244
S;SUL;2010-05-06;18895.00000000;16461.00000000;87.12000275
NE;NORDESTE;2010-05-07;51809.00000000;39425.00000000;76.09999847
N;NORTE;2010-05-07;12415.00000000;12397.00000000;99.86000061
SE;SUDESTE;2010-05-07;193575.00000000;156860.00000000;81.02999878
S;SUL;2010-05-07;18895.00000000;16639.00000000;88.05999756
NE;NORDESTE;2010-05-08;51809.00000000;39659.00000000;76.55000305
N;NORTE;2010-05-08;12415.00000000;12388.00000000;99.77999878
SE;SUDESTE;2010-05-08;193575.00000000;156697.00000000;80.94999695
S;SUL;2010-05-08;18895.00000000;16619.00000000;87.94999695
NE;NORDESTE;2010-05-09;51809.00000000;39470.00000000;76.18000031
N;NORTE;2010-05-09;12415.00000000;12405.00000000;99.91999817
SE;SUDESTE;2010-05-09;193575.00000000;156891.00000000;81.05000305
S;SUL;2010-05-09;18895.00000000;16521.00000000;87.43000031
NE;NORDESTE;2010-05-10;51809.00000000;39415.00000000;76.08000183
N;NORTE;2010-05-10;12415.00000000;12403.00000000;99.91000366
SE;SUDESTE;2010-05-10;193575.00000000;156796.00000000;81.00000000
S;SUL;2010-05-10;18895.00000000;16609.00000000;87.90000153
NE;NORDESTE;2010-05-11;51809.00000000;39326.00000000;75.91000366
N;NORTE;2010-05-11;12415.00000000;12410.00000000;99.95999908
SE;SUDESTE;2010-05-11;193575.00000000;156577.00000000;80.88999939
S;SUL;2010-05-11;18895.00000000;16446.00000000;87.04000092
NE;NORDESTE;2010-05-12;51809.00000000;39213.00000000;75.69000244
N;NORTE;2010-05-12;12415.00000000;12416.00000000;100.01000214
SE;SUDESTE;2010-05-12;193575.00000000;156349.00000000;80.76999664
S;SUL;2010-05-12;18895.00000000;16479.00000000;87.20999908
NE;NORDESTE;2010-05-13;51809.00000000;39325.00000000;75.90000153
N;NORTE;2010-05-13;12415.00000000;12422.00000000;100.05999756
SE;SUDESTE;2010-05-13;193575.00000000;156244.00000000;80.72000122
S;SUL;2010-05-13;18895.00000000;16488.00000000;87.26000214
NE;NORDESTE;2010-05-14;51809.00000000;39079.00000000;75.43000031
N;NORTE;2010-05-14;12415.00000000;12412.00000000;99.98000336
SE;SUDESTE;2010-05-14;193575.00000000;156064.00000000;80.62000275
S;SUL;2010-05-14;18895.00000000;16626.00000000;87.98999786
NE;NORDESTE;2010-05-15;51809.00000000;38917.00000000;75.12000275
N;NORTE;2010-05-15;12415.00000000;12364.00000000;99.58999634
SE;SUDESTE;2010-05-15;193575.00000000;155989.00000000;80.58000183
S;SUL;2010-05-15;18895.00000000;16768.00000000;88.73999786
NE;NORDESTE;2010-05-16;51809.00000000;38987.00000000;75.25000000
N;NORTE;2010-05-16;12415.00000000;12344.00000000;99.43000031
SE;SUDESTE;2010-05-16;193575.00000000;155935.00000000;80.55999756
S;SUL;2010-05-16;18895.00000000;17012.00000000;90.02999878
NE;NORDESTE;2010-05-17;51809.00000000;38822.00000000;74.93000031
N;NORTE;2010-05-17;12415.00000000;12279.00000000;98.91000366
SE;SUDESTE;2010-05-17;193575.00000000;155610.00000000;80.38999939
S;SUL;2010-05-17;18895.00000000;17192.00000000;90.98999786
NE;NORDESTE;2010-05-18;51809.00000000;38800.00000000;74.88999939
N;NORTE;2010-05-18;12415.00000000;12224.00000000;98.45999908
SE;SUDESTE;2010-05-18;193575.00000000;155261.00000000;80.20999908
S;SUL;2010-05-18;18895.00000000;17506.00000000;92.65000153
NE;NORDESTE;2010-05-19;51809.00000000;38780.00000000;74.84999847
N;NORTE;2010-05-19;12415.00000000;12199.00000000;98.26000214
SE;SUDESTE;2010-05-19;193575.00000000;154991.00000000;80.06999969
S;SUL;2010-05-19;18895.00000000;17753.00000000;93.94999695
NE;NORDESTE;2010-05-20;51809.00000000;38550.00000000;74.41000366
N;NORTE;2010-05-20;12415.00000000;12215.00000000;98.38999939
SE;SUDESTE;2010-05-20;193575.00000000;154850.00000000;79.98999786
S;SUL;2010-05-20;18895.00000000;17888.00000000;94.66999817
NE;NORDESTE;2010-05-21;51809.00000000;38655.00000000;74.61000061
N;NORTE;2010-05-21;12415.00000000;12222.00000000;98.44999695
SE;SUDESTE;2010-05-21;193575.00000000;154653.00000000;79.88999939
S;SUL;2010-05-21;18895.00000000;17912.00000000;94.80000305
NE;NORDESTE;2010-05-22;51809.00000000;38673.00000000;74.65000153
N;NORTE;2010-05-22;12415.00000000;12232.00000000;98.52999878
SE;SUDESTE;2010-05-22;193575.00000000;154499.00000000;79.80999756
S;SUL;2010-05-22;18895.00000000;18054.00000000;95.55000305
NE;NORDESTE;2010-05-23;51809.00000000;38617.00000000;74.54000092
N;NORTE;2010-05-23;12415.00000000;12245.00000000;98.62999725
SE;SUDESTE;2010-05-23;193575.00000000;154540.00000000;79.83000183
S;SUL;2010-05-23;18895.00000000;18043.00000000;95.48999786
NE;NORDESTE;2010-05-24;51809.00000000;38478.00000000;74.26999664
N;NORTE;2010-05-24;12415.00000000;12236.00000000;98.55999756
SE;SUDESTE;2010-05-24;193575.00000000;154154.00000000;79.63999939
S;SUL;2010-05-24;18895.00000000;18074.00000000;95.65000153
NE;NORDESTE;2010-05-25;51809.00000000;38256.00000000;73.83999634
N;NORTE;2010-05-25;12415.00000000;12246.00000000;98.63999939
SE;SUDESTE;2010-05-25;193575.00000000;153735.00000000;79.41999817
S;SUL;2010-05-25;18895.00000000;18147.00000000;96.04000092
NE;NORDESTE;2010-05-26;51809.00000000;38312.00000000;73.94999695
N;NORTE;2010-05-26;12415.00000000;12243.00000000;98.62000275
SE;SUDESTE;2010-05-26;193575.00000000;153553.00000000;79.31999969
S;SUL;2010-05-26;18895.00000000;18121.00000000;95.90000153
NE;NORDESTE;2010-05-27;51809.00000000;38175.00000000;73.68000031
N;NORTE;2010-05-27;12415.00000000;12248.00000000;98.66000366
SE;SUDESTE;2010-05-27;193575.00000000;153335.00000000;79.20999908
S;SUL;2010-05-27;18895.00000000;18101.00000000;95.80000305
NE;NORDESTE;2010-05-28;51809.00000000;38129.00000000;73.59999847
N;NORTE;2010-05-28;12415.00000000;12268.00000000;98.81999969
SE;SUDESTE;2010-05-28;193575.00000000;153084.00000000;79.08000183
S;SUL;2010-05-28;18895.00000000;18064.00000000;95.59999847
NE;NORDESTE;2010-05-29;51809.00000000;37926.00000000;73.19999695
N;NORTE;2010-05-29;12415.00000000;12278.00000000;98.90000153
SE;SUDESTE;2010-05-29;193575.00000000;152879.00000000;78.98000336
S;SUL;2010-05-29;18895.00000000;18058.00000000;95.56999969
NE;NORDESTE;2010-05-30;51809.00000000;37993.00000000;73.33000183
N;NORTE;2010-05-30;12415.00000000;12307.00000000;99.12999725
SE;SUDESTE;2010-05-30;193575.00000000;152602.00000000;78.83000183
S;SUL;2010-05-30;18895.00000000;18068.00000000;95.62000275
NE;NORDESTE;2010-05-31;51809.00000000;38060.00000000;73.45999908
N;NORTE;2010-05-31;12415.00000000;12321.00000000;99.25000000
SE;SUDESTE;2010-05-31;193575.00000000;152236.00000000;78.63999939
S;SUL;2010-05-31;18895.00000000;18030.00000000;95.41999817
NE;NORDESTE;2010-06-01;51809.00000000;37867.00000000;73.08999634
N;NORTE;2010-06-01;12415.00000000;12348.00000000;99.45999908
SE;SUDESTE;2010-06-01;193575.00000000;152011.00000000;78.52999878
S;SUL;2010-06-01;18895.00000000;17988.00000000;95.19999695
NE;NORDESTE;2010-06-02;51809.00000000;37817.00000000;72.98999786
N;NORTE;2010-06-02;12415.00000000;12305.00000000;99.12000275
SE;SUDESTE;2010-06-02;193575.00000000;151762.00000000;78.40000153
S;SUL;2010-06-02;18895.00000000;17903.00000000;94.75000000
NE;NORDESTE;2010-06-03;51809.00000000;37805.00000000;72.97000122
N;NORTE;2010-06-03;12415.00000000;12277.00000000;98.88999939
SE;SUDESTE;2010-06-03;193575.00000000;151760.00000000;78.40000153
S;SUL;2010-06-03;18895.00000000;17862.00000000;94.52999878
NE;NORDESTE;2010-06-04;51809.00000000;37802.00000000;72.95999908
N;NORTE;2010-06-04;12415.00000000;12215.00000000;98.38999939
SE;SUDESTE;2010-06-04;193575.00000000;151270.00000000;78.15000153
S;SUL;2010-06-04;18895.00000000;17924.00000000;94.86000061
NE;NORDESTE;2010-06-05;51809.00000000;37737.00000000;72.83999634
N;NORTE;2010-06-05;12415.00000000;12138.00000000;97.76999664
SE;SUDESTE;2010-06-05;193575.00000000;151091.00000000;78.05000305
S;SUL;2010-06-05;18895.00000000;18015.00000000;95.33999634
NE;NORDESTE;2010-06-06;51809.00000000;37905.00000000;73.16000366
N;NORTE;2010-06-06;12415.00000000;12108.00000000;97.52999878
SE;SUDESTE;2010-06-06;193575.00000000;151103.00000000;78.05999756
S;SUL;2010-06-06;18895.00000000;17998.00000000;95.25000000
NE;NORDESTE;2010-06-07;51809.00000000;37618.00000000;72.61000061
N;NORTE;2010-06-07;12415.00000000;12090.00000000;97.37999725
SE;SUDESTE;2010-06-07;193575.00000000;150799.00000000;77.90000153
S;SUL;2010-06-07;18895.00000000;17937.00000000;94.93000031
NE;NORDESTE;2010-06-08;51809.00000000;37535.00000000;72.44999695
N;NORTE;2010-06-08;12415.00000000;12074.00000000;97.26000214
SE;SUDESTE;2010-06-08;193575.00000000;150603.00000000;77.80000305
S;SUL;2010-06-08;18895.00000000;17868.00000000;94.55999756
NE;NORDESTE;2010-06-09;51809.00000000;37476.00000000;72.33999634
N;NORTE;2010-06-09;12415.00000000;12042.00000000;97.00000000
SE;SUDESTE;2010-06-09;193575.00000000;150405.00000000;77.69999695
S;SUL;2010-06-09;18895.00000000;17762.00000000;94.00000000
NE;NORDESTE;2010-06-10;51809.00000000;37419.00000000;72.23000336
N;NORTE;2010-06-10;12415.00000000;12019.00000000;96.80999756
SE;SUDESTE;2010-06-10;193575.00000000;150138.00000000;77.55999756
S;SUL;2010-06-10;18895.00000000;17631.00000000;93.30999756
NE;NORDESTE;2010-06-11;51809.00000000;37201.00000000;71.80000305
N;NORTE;2010-06-11;12415.00000000;11964.00000000;96.37000275
SE;SUDESTE;2010-06-11;193575.00000000;149848.00000000;77.41000366
S;SUL;2010-06-11;18895.00000000;17536.00000000;92.80999756
NE;NORDESTE;2010-06-12;51809.00000000;37073.00000000;71.55999756
N;NORTE;2010-06-12;12415.00000000;11935.00000000;96.13999939
SE;SUDESTE;2010-06-12;193575.00000000;149690.00000000;77.33000183
S;SUL;2010-06-12;18895.00000000;17450.00000000;92.34999847
NE;NORDESTE;2010-06-13;51809.00000000;36988.00000000;71.38999939
N;NORTE;2010-06-13;12415.00000000;11900.00000000;95.84999847
SE;SUDESTE;2010-06-13;193575.00000000;149564.00000000;77.26000214
S;SUL;2010-06-13;18895.00000000;17426.00000000;92.22000122
NE;NORDESTE;2010-06-14;51809.00000000;36955.00000000;71.33000183
N;NORTE;2010-06-14;12415.00000000;11858.00000000;95.51999664
SE;SUDESTE;2010-06-14;193575.00000000;149098.00000000;77.01999664
S;SUL;2010-06-14;18895.00000000;17345.00000000;91.80000305
NE;NORDESTE;2010-06-15;51809.00000000;36976.00000000;71.37000275
N;NORTE;2010-06-15;12415.00000000;11821.00000000;95.22000122
SE;SUDESTE;2010-06-15;193575.00000000;148854.00000000;76.90000153
S;SUL;2010-06-15;18895.00000000;17255.00000000;91.31999969
NE;NORDESTE;2010-06-16;51809.00000000;36895.00000000;71.20999908
N;NORTE;2010-06-16;12415.00000000;11776.00000000;94.86000061
SE;SUDESTE;2010-06-16;193575.00000000;148417.00000000;76.66999817
S;SUL;2010-06-16;18895.00000000;17135.00000000;90.68000031
NE;NORDESTE;2010-06-17;51809.00000000;36802.00000000;71.02999878
N;NORTE;2010-06-17;12415.00000000;11741.00000000;94.56999969
SE;SUDESTE;2010-06-17;193575.00000000;147981.00000000;76.44999695
S;SUL;2010-06-17;18895.00000000;17029.00000000;90.12000275
NE;NORDESTE;2010-06-18;51809.00000000;36779.00000000;70.98999786
N;NORTE;2010-06-18;12415.00000000;11714.00000000;94.36000061
SE;SUDESTE;2010-06-18;193575.00000000;147570.00000000;76.23000336
S;SUL;2010-06-18;18895.00000000;17116.00000000;90.58000183
NE;NORDESTE;2010-06-19;51809.00000000;36854.00000000;71.12999725
N;NORTE;2010-06-19;12415.00000000;11693.00000000;94.19000244
SE;SUDESTE;2010-06-19;193575.00000000;147419.00000000;76.16000366
S;SUL;2010-06-19;18895.00000000;17228.00000000;91.18000031
NE;NORDESTE;2010-06-20;51809.00000000;36600.00000000;70.63999939
N;NORTE;2010-06-20;12415.00000000;11672.00000000;94.01999664
SE;SUDESTE;2010-06-20;193575.00000000;147157.00000000;76.01999664
S;SUL;2010-06-20;18895.00000000;17380.00000000;91.98000336
NE;NORDESTE;2010-06-21;51809.00000000;36784.00000000;71.00000000
N;NORTE;2010-06-21;12415.00000000;11642.00000000;93.77999878
SE;SUDESTE;2010-06-21;193575.00000000;146753.00000000;75.80999756
S;SUL;2010-06-21;18895.00000000;17389.00000000;92.02999878
NE;NORDESTE;2010-06-22;51809.00000000;36620.00000000;70.68000031
N;NORTE;2010-06-22;12415.00000000;11604.00000000;93.47000122
SE;SUDESTE;2010-06-22;193575.00000000;146382.00000000;75.62000275
S;SUL;2010-06-22;18895.00000000;17444.00000000;92.31999969
NE;NORDESTE;2010-06-23;51809.00000000;36574.00000000;70.58999634
N;NORTE;2010-06-23;12415.00000000;11575.00000000;93.23999786
SE;SUDESTE;2010-06-23;193575.00000000;146108.00000000;75.48000336
S;SUL;2010-06-23;18895.00000000;17448.00000000;92.33999634
NE;NORDESTE;2010-06-24;51809.00000000;36550.00000000;70.55000305
N;NORTE;2010-06-24;12415.00000000;11535.00000000;92.91000366
SE;SUDESTE;2010-06-24;193575.00000000;145898.00000000;75.37000275
S;SUL;2010-06-24;18895.00000000;17437.00000000;92.27999878
NE;NORDESTE;2010-06-25;51809.00000000;36564.00000000;70.58000183
N;NORTE;2010-06-25;12415.00000000;11493.00000000;92.58000183
SE;SUDESTE;2010-06-25;193575.00000000;145592.00000000;75.20999908
S;SUL;2010-06-25;18895.00000000;17423.00000000;92.20999908
NE;NORDESTE;2010-06-26;51809.00000000;36561.00000000;70.56999969
N;NORTE;2010-06-26;12415.00000000;11455.00000000;92.26999664
SE;SUDESTE;2010-06-26;193575.00000000;145303.00000000;75.05999756
S;SUL;2010-06-26;18895.00000000;17382.00000000;91.98999786
NE;NORDESTE;2010-06-27;51809.00000000;36529.00000000;70.51000214
N;NORTE;2010-06-27;12415.00000000;11426.00000000;92.04000092
SE;SUDESTE;2010-06-27;193575.00000000;145232.00000000;75.02999878
S;SUL;2010-06-27;18895.00000000;17376.00000000;91.95999908
NE;NORDESTE;2010-06-28;51809.00000000;36421.00000000;70.30000305
N;NORTE;2010-06-28;12415.00000000;11384.00000000;91.69999695
SE;SUDESTE;2010-06-28;193575.00000000;144758.00000000;74.77999878
S;SUL;2010-06-28;18895.00000000;17317.00000000;91.65000153
NE;NORDESTE;2010-06-29;51809.00000000;36311.00000000;70.08999634
N;NORTE;2010-06-29;12415.00000000;11337.00000000;91.31999969
SE;SUDESTE;2010-06-29;193575.00000000;144285.00000000;74.54000092
S;SUL;2010-06-29;18895.00000000;17207.00000000;91.05999756
NE;NORDESTE;2010-06-30;51809.00000000;36247.00000000;69.95999908
N;NORTE;2010-06-30;12415.00000000;11299.00000000;91.01000214
SE;SUDESTE;2010-06-30;193575.00000000;143927.00000000;74.34999847
S;SUL;2010-06-30;18895.00000000;17064.00000000;90.30999756
NE;NORDESTE;2010-07-01;51809.00000000;36120.00000000;69.72000122
N;NORTE;2010-07-01;12415.00000000;11263.00000000;90.72000122
SE;SUDESTE;2010-07-01;193575.00000000;143555.00000000;74.16000366
S;SUL;2010-07-01;18895.00000000;16910.00000000;89.48999786
NE;NORDESTE;2010-07-02;51809.00000000;36123.00000000;69.72000122
N;NORTE;2010-07-02;12415.00000000;11214.00000000;90.33000183
SE;SUDESTE;2010-07-02;193575.00000000;143176.00000000;73.95999908
S;SUL;2010-07-02;18895.00000000;16777.00000000;88.79000092
NE;NORDESTE;2010-07-03;51809.00000000;35991.00000000;69.47000122
N;NORTE;2010-07-03;12415.00000000;11169.00000000;89.97000122
SE;SUDESTE;2010-07-03;193575.00000000;142902.00000000;73.81999969
S;SUL;2010-07-03;18895.00000000;16620.00000000;87.95999908
NE;NORDESTE;2010-07-04;51809.00000000;35905.00000000;69.30000305
N;NORTE;2010-07-04;12415.00000000;11134.00000000;89.68000031
SE;SUDESTE;2010-07-04;193575.00000000;142776.00000000;73.76000214
S;SUL;2010-07-04;18895.00000000;16553.00000000;87.59999847
NE;NORDESTE;2010-07-05;51809.00000000;35855.00000000;69.20999908
N;NORTE;2010-07-05;12415.00000000;11083.00000000;89.26999664
SE;SUDESTE;2010-07-05;193575.00000000;142219.00000000;73.47000122
S;SUL;2010-07-05;18895.00000000;16397.00000000;86.77999878
NE;NORDESTE;2010-07-06;51809.00000000;35731.00000000;68.97000122
N;NORTE;2010-07-06;12415.00000000;11026.00000000;88.80999756
SE;SUDESTE;2010-07-06;193575.00000000;141716.00000000;73.20999908
S;SUL;2010-07-06;18895.00000000;16228.00000000;85.87999725
NE;NORDESTE;2010-07-07;51809.00000000;35711.00000000;68.93000031
N;NORTE;2010-07-07;12415.00000000;10972.00000000;88.37999725
SE;SUDESTE;2010-07-07;193575.00000000;141303.00000000;73.00000000
S;SUL;2010-07-07;18895.00000000;16044.00000000;84.91000366
NE;NORDESTE;2010-07-08;51809.00000000;35449.00000000;68.41999817
N;NORTE;2010-07-08;12415.00000000;10915.00000000;87.91999817
SE;SUDESTE;2010-07-08;193575.00000000;140795.00000000;72.73000336
S;SUL;2010-07-08;18895.00000000;15863.00000000;83.94999695
NE;NORDESTE;2010-07-09;51809.00000000;35270.00000000;68.08000183
N;NORTE;2010-07-09;12415.00000000;10879.00000000;87.62999725
SE;SUDESTE;2010-07-09;193575.00000000;140325.00000000;72.48999786
S;SUL;2010-07-09;18895.00000000;15693.00000000;83.05000305
NE;NORDESTE;2010-07-10;51809.00000000;35257.00000000;68.05000305
N;NORTE;2010-07-10;12415.00000000;10832.00000000;87.25000000
SE;SUDESTE;2010-07-10;193575.00000000;139934.00000000;72.29000092
S;SUL;2010-07-10;18895.00000000;15539.00000000;82.23999786
NE;NORDESTE;2010-07-11;51809.00000000;35186.00000000;67.91999817
N;NORTE;2010-07-11;12415.00000000;10801.00000000;87.00000000
SE;SUDESTE;2010-07-11;193575.00000000;139681.00000000;72.16000366
S;SUL;2010-07-11;18895.00000000;15449.00000000;81.76000214
NE;NORDESTE;2010-07-12;51809.00000000;35173.00000000;67.88999939
N;NORTE;2010-07-12;12415.00000000;10723.00000000;86.37000275
SE;SUDESTE;2010-07-12;193575.00000000;138921.00000000;71.76999664
S;SUL;2010-07-12;18895.00000000;15386.00000000;81.43000031
NE;NORDESTE;2010-07-13;51809.00000000;35057.00000000;67.66999817
N;NORTE;2010-07-13;12415.00000000;10658.00000000;85.84999847
SE;SUDESTE;2010-07-13;193575.00000000;138342.00000000;71.47000122
S;SUL;2010-07-13;18895.00000000;15347.00000000;81.22000122
NE;NORDESTE;2010-07-14;51809.00000000;35107.00000000;67.76000214
N;NORTE;2010-07-14;12415.00000000;10595.00000000;85.33999634
SE;SUDESTE;2010-07-14;193575.00000000;137934.00000000;71.26000214
S;SUL;2010-07-14;18895.00000000;15255.00000000;80.73000336
NE;NORDESTE;2010-07-15;51809.00000000;34847.00000000;67.26000214
N;NORTE;2010-07-15;12415.00000000;10520.00000000;84.73999786
SE;SUDESTE;2010-07-15;193575.00000000;137532.00000000;71.05000305
S;SUL;2010-07-15;18895.00000000;15132.00000000;80.08000183
NE;NORDESTE;2010-07-16;51809.00000000;34707.00000000;66.98999786
N;NORTE;2010-07-16;12415.00000000;10458.00000000;84.23999786
SE;SUDESTE;2010-07-16;193575.00000000;137242.00000000;70.90000153
S;SUL;2010-07-16;18895.00000000;15048.00000000;79.63999939
NE;NORDESTE;2010-07-17;51809.00000000;34646.00000000;66.87000275
N;NORTE;2010-07-17;12415.00000000;10401.00000000;83.77999878
SE;SUDESTE;2010-07-17;193575.00000000;137090.00000000;70.81999969
S;SUL;2010-07-17;18895.00000000;15072.00000000;79.76999664
NE;NORDESTE;2010-07-18;51809.00000000;34531.00000000;66.65000153
N;NORTE;2010-07-18;12415.00000000;10384.00000000;83.63999939
SE;SUDESTE;2010-07-18;193575.00000000;137098.00000000;70.81999969
S;SUL;2010-07-18;18895.00000000;15232.00000000;80.61000061
NE;NORDESTE;2010-07-19;51809.00000000;34330.00000000;66.26000214
N;NORTE;2010-07-19;12415.00000000;10303.00000000;82.98999786
SE;SUDESTE;2010-07-19;193575.00000000;136591.00000000;70.55999756
S;SUL;2010-07-19;18895.00000000;15319.00000000;81.06999969
NE;NORDESTE;2010-07-20;51809.00000000;34266.00000000;66.13999939
N;NORTE;2010-07-20;12415.00000000;10219.00000000;82.30999756
SE;SUDESTE;2010-07-20;193575.00000000;136208.00000000;70.36000061
S;SUL;2010-07-20;18895.00000000;15505.00000000;82.05999756
NE;NORDESTE;2010-07-21;51809.00000000;34098.00000000;65.81999969
N;NORTE;2010-07-21;12415.00000000;10129.00000000;81.58999634
SE;SUDESTE;2010-07-21;193575.00000000;135780.00000000;70.13999939
S;SUL;2010-07-21;18895.00000000;15633.00000000;82.73000336
NE;NORDESTE;2010-07-22;51809.00000000;33836.00000000;65.30999756
N;NORTE;2010-07-22;12415.00000000;10050.00000000;80.94999695
SE;SUDESTE;2010-07-22;193575.00000000;135417.00000000;69.95999908
S;SUL;2010-07-22;18895.00000000;15915.00000000;84.23000336
NE;NORDESTE;2010-07-23;51809.00000000;33836.00000000;65.30999756
N;NORTE;2010-07-23;12415.00000000;9970.00000000;80.30999756
SE;SUDESTE;2010-07-23;193575.00000000;134962.00000000;69.72000122
S;SUL;2010-07-23;18895.00000000;16291.00000000;86.22000122
NE;NORDESTE;2010-07-24;51809.00000000;33697.00000000;65.04000092
N;NORTE;2010-07-24;12415.00000000;9910.00000000;79.81999969
SE;SUDESTE;2010-07-24;193575.00000000;134623.00000000;69.55000305
S;SUL;2010-07-24;18895.00000000;16475.00000000;87.19000244
NE;NORDESTE;2010-07-25;51809.00000000;33659.00000000;64.97000122
N;NORTE;2010-07-25;12415.00000000;9863.00000000;79.44999695
SE;SUDESTE;2010-07-25;193575.00000000;134481.00000000;69.47000122
S;SUL;2010-07-25;18895.00000000;16659.00000000;88.16000366
NE;NORDESTE;2010-07-26;51809.00000000;33477.00000000;64.62000275
N;NORTE;2010-07-26;12415.00000000;9787.00000000;78.83000183
SE;SUDESTE;2010-07-26;193575.00000000;133857.00000000;69.15000153
S;SUL;2010-07-26;18895.00000000;16764.00000000;88.72000122
NE;NORDESTE;2010-07-27;51809.00000000;33335.00000000;64.33999634
N;NORTE;2010-07-27;12415.00000000;9708.00000000;78.19999695
SE;SUDESTE;2010-07-27;193575.00000000;133296.00000000;68.86000061
S;SUL;2010-07-27;18895.00000000;16812.00000000;88.97000122
NE;NORDESTE;2010-07-28;51809.00000000;33162.00000000;64.01000214
N;NORTE;2010-07-28;12415.00000000;9634.00000000;77.59999847
SE;SUDESTE;2010-07-28;193575.00000000;132737.00000000;68.56999969
S;SUL;2010-07-28;18895.00000000;16827.00000000;89.05000305
NE;NORDESTE;2010-07-29;51809.00000000;33014.00000000;63.72000122
N;NORTE;2010-07-29;12415.00000000;9550.00000000;76.91999817
SE;SUDESTE;2010-07-29;193575.00000000;132180.00000000;68.27999878
S;SUL;2010-07-29;18895.00000000;16836.00000000;89.09999847
NE;NORDESTE;2010-07-30;51809.00000000;32818.00000000;63.34000015
N;NORTE;2010-07-30;12415.00000000;9477.00000000;76.33999634
SE;SUDESTE;2010-07-30;193575.00000000;131592.00000000;67.98000336
S;SUL;2010-07-30;18895.00000000;16834.00000000;89.08999634
NE;NORDESTE;2010-07-31;51809.00000000;32773.00000000;63.25999832
N;NORTE;2010-07-31;12415.00000000;9423.00000000;75.90000153
SE;SUDESTE;2010-07-31;193575.00000000;131391.00000000;67.87999725
S;SUL;2010-07-31;18895.00000000;16830.00000000;89.06999969
NE;NORDESTE;2010-08-01;51809.00000000;32710.00000000;63.13999939
N;NORTE;2010-08-01;12415.00000000;9373.00000000;75.50000000
SE;SUDESTE;2010-08-01;193575.00000000;131157.00000000;67.76000214
S;SUL;2010-08-01;18895.00000000;17044.00000000;90.19999695
NE;NORDESTE;2010-08-02;51809.00000000;32533.00000000;62.79000092
N;NORTE;2010-08-02;12415.00000000;9291.00000000;74.83999634
SE;SUDESTE;2010-08-02;193575.00000000;130531.00000000;67.43000031
S;SUL;2010-08-02;18895.00000000;17102.00000000;90.51000214
NE;NORDESTE;2010-08-03;51809.00000000;32498.00000000;62.72999954
N;NORTE;2010-08-03;12415.00000000;9210.00000000;74.19000244
SE;SUDESTE;2010-08-03;193575.00000000;129997.00000000;67.16000366
S;SUL;2010-08-03;18895.00000000;17079.00000000;90.38999939
NE;NORDESTE;2010-08-04;51809.00000000;32340.00000000;62.41999817
N;NORTE;2010-08-04;12415.00000000;9141.00000000;73.62999725
SE;SUDESTE;2010-08-04;193575.00000000;129477.00000000;66.88999939
S;SUL;2010-08-04;18895.00000000;17077.00000000;90.37999725
NE;NORDESTE;2010-08-05;51809.00000000;32450.00000000;62.63000107
N;NORTE;2010-08-05;12415.00000000;9056.00000000;72.94999695
SE;SUDESTE;2010-08-05;193575.00000000;128948.00000000;66.61000061
S;SUL;2010-08-05;18895.00000000;17121.00000000;90.61000061
NE;NORDESTE;2010-08-06;51809.00000000;32293.00000000;62.33000183
N;NORTE;2010-08-06;12415.00000000;8990.00000000;72.41000366
SE;SUDESTE;2010-08-06;193575.00000000;128402.00000000;66.33000183
S;SUL;2010-08-06;18895.00000000;17163.00000000;90.83000183
NE;NORDESTE;2010-08-07;51809.00000000;32114.00000000;61.99000168
N;NORTE;2010-08-07;12415.00000000;8931.00000000;71.94000244
SE;SUDESTE;2010-08-07;200077.00000000;130303.00000000;65.12999725
S;SUL;2010-08-07;18895.00000000;17203.00000000;91.04000092
NE;NORDESTE;2010-08-08;51809.00000000;32051.00000000;61.86000061
N;NORTE;2010-08-08;12415.00000000;8877.00000000;71.50000000
SE;SUDESTE;2010-08-08;200077.00000000;130157.00000000;65.05000305
S;SUL;2010-08-08;18895.00000000;17267.00000000;91.37999725
NE;NORDESTE;2010-08-09;51809.00000000;31903.00000000;61.58000183
N;NORTE;2010-08-09;12415.00000000;8823.00000000;71.06999969
SE;SUDESTE;2010-08-09;200077.00000000;129503.00000000;64.73000336
S;SUL;2010-08-09;18895.00000000;17259.00000000;91.33999634
NE;NORDESTE;2010-08-10;51809.00000000;31536.00000000;60.86999893
N;NORTE;2010-08-10;12415.00000000;8761.00000000;70.56999969
SE;SUDESTE;2010-08-10;200077.00000000;128924.00000000;64.44000244
S;SUL;2010-08-10;18895.00000000;17245.00000000;91.26999664
NE;NORDESTE;2010-08-11;51809.00000000;31758.00000000;61.29999924
N;NORTE;2010-08-11;12415.00000000;8684.00000000;69.94999695
SE;SUDESTE;2010-08-11;200077.00000000;128406.00000000;64.18000031
S;SUL;2010-08-11;18895.00000000;17223.00000000;91.15000153
NE;NORDESTE;2010-08-12;51809.00000000;31569.00000000;60.93000031
N;NORTE;2010-08-12;12415.00000000;8599.00000000;69.26000214
SE;SUDESTE;2010-08-12;200077.00000000;127820.00000000;63.88999939
S;SUL;2010-08-12;18895.00000000;17190.00000000;90.97000122
NE;NORDESTE;2010-08-13;51809.00000000;31632.00000000;61.06000137
N;NORTE;2010-08-13;12415.00000000;8519.00000000;68.62000275
SE;SUDESTE;2010-08-13;200077.00000000;127293.00000000;63.61999893
S;SUL;2010-08-13;18895.00000000;17187.00000000;90.95999908
NE;NORDESTE;2010-08-14;51809.00000000;31563.00000000;60.91999817
N;NORTE;2010-08-14;12415.00000000;8433.00000000;67.93000031
SE;SUDESTE;2010-08-14;200077.00000000;126959.00000000;63.45999908
S;SUL;2010-08-14;18895.00000000;17160.00000000;90.81999969
NE;NORDESTE;2010-08-15;51809.00000000;31299.00000000;60.40999985
N;NORTE;2010-08-15;12415.00000000;8376.00000000;67.47000122
SE;SUDESTE;2010-08-15;200077.00000000;126730.00000000;63.34000015
S;SUL;2010-08-15;18895.00000000;17162.00000000;90.83000183
NE;NORDESTE;2010-08-16;51809.00000000;31007.00000000;59.84999847
N;NORTE;2010-08-16;12415.00000000;8315.00000000;66.98000336
SE;SUDESTE;2010-08-16;200077.00000000;126151.00000000;63.04999924
S;SUL;2010-08-16;18895.00000000;17078.00000000;90.37999725
NE;NORDESTE;2010-08-17;51809.00000000;31023.00000000;59.88000107
N;NORTE;2010-08-17;12415.00000000;8264.00000000;66.56999969
SE;SUDESTE;2010-08-17;200077.00000000;125603.00000000;62.77999878
S;SUL;2010-08-17;18895.00000000;16982.00000000;89.87000275
NE;NORDESTE;2010-08-18;51809.00000000;30904.00000000;59.65000153
N;NORTE;2010-08-18;12415.00000000;8212.00000000;66.15000153
SE;SUDESTE;2010-08-18;200077.00000000;124948.00000000;62.45000076
S;SUL;2010-08-18;18895.00000000;16864.00000000;89.25000000
NE;NORDESTE;2010-08-19;51809.00000000;30846.00000000;59.54000092
N;NORTE;2010-08-19;12415.00000000;8161.00000000;65.73999786
SE;SUDESTE;2010-08-19;200077.00000000;124381.00000000;62.16999817
S;SUL;2010-08-19;18895.00000000;16737.00000000;88.58000183
NE;NORDESTE;2010-08-20;51809.00000000;30657.00000000;59.16999817
N;NORTE;2010-08-20;12415.00000000;8102.00000000;65.26000214
SE;SUDESTE;2010-08-20;200077.00000000;123763.00000000;61.86000061
S;SUL;2010-08-20;18895.00000000;16614.00000000;87.93000031
NE;NORDESTE;2010-08-21;51809.00000000;30547.00000000;58.95999908
N;NORTE;2010-08-21;12415.00000000;8042.00000000;64.77999878
SE;SUDESTE;2010-08-21;200077.00000000;123311.00000000;61.63000107
S;SUL;2010-08-21;18895.00000000;16501.00000000;87.33000183
NE;NORDESTE;2010-08-22;51809.00000000;30479.00000000;58.83000183
N;NORTE;2010-08-22;12415.00000000;7979.00000000;64.26999664
SE;SUDESTE;2010-08-22;200077.00000000;122951.00000000;61.45000076
S;SUL;2010-08-22;18895.00000000;16415.00000000;86.87000275
NE;NORDESTE;2010-08-23;51809.00000000;30360.00000000;58.59999847
N;NORTE;2010-08-23;12415.00000000;7905.00000000;63.66999817
SE;SUDESTE;2010-08-23;200077.00000000;122310.00000000;61.13000107
S;SUL;2010-08-23;18895.00000000;16290.00000000;86.20999908
NE;NORDESTE;2010-08-24;51809.00000000;30228.00000000;58.34999847
N;NORTE;2010-08-24;12415.00000000;7845.00000000;63.18999863
SE;SUDESTE;2010-08-24;200077.00000000;121672.00000000;60.81000137
S;SUL;2010-08-24;18895.00000000;16147.00000000;85.44999695
NE;NORDESTE;2010-08-25;51809.00000000;30008.00000000;57.91999817
N;NORTE;2010-08-25;12415.00000000;7779.00000000;62.65999985
SE;SUDESTE;2010-08-25;200077.00000000;120950.00000000;60.45000076
S;SUL;2010-08-25;18895.00000000;15997.00000000;84.66000366
NE;NORDESTE;2010-08-26;51809.00000000;29928.00000000;57.77000046
N;NORTE;2010-08-26;12415.00000000;7702.00000000;62.04000092
SE;SUDESTE;2010-08-26;200077.00000000;120175.00000000;60.06000137
S;SUL;2010-08-26;18895.00000000;15849.00000000;83.87999725
NE;NORDESTE;2010-08-27;51809.00000000;29832.00000000;57.58000183
N;NORTE;2010-08-27;12415.00000000;7636.00000000;61.50999832
SE;SUDESTE;2010-08-27;200077.00000000;119425.00000000;59.68999863
S;SUL;2010-08-27;18895.00000000;15688.00000000;83.02999878
NE;NORDESTE;2010-08-28;51809.00000000;29511.00000000;56.95999908
N;NORTE;2010-08-28;12415.00000000;7573.00000000;61.00000000
SE;SUDESTE;2010-08-28;200105.00000000;118904.00000000;59.41999817
S;SUL;2010-08-28;18895.00000000;15531.00000000;82.19000244
NE;NORDESTE;2010-08-29;51809.00000000;29397.00000000;56.74000168
N;NORTE;2010-08-29;12415.00000000;7535.00000000;60.68999863
SE;SUDESTE;2010-08-29;200105.00000000;118462.00000000;59.20000076
S;SUL;2010-08-29;18895.00000000;15405.00000000;81.52999878
NE;NORDESTE;2010-08-30;51809.00000000;29180.00000000;56.31999969
N;NORTE;2010-08-30;12415.00000000;7464.00000000;60.11999893
SE;SUDESTE;2010-08-30;200105.00000000;117815.00000000;58.88000107
S;SUL;2010-08-30;18895.00000000;15247.00000000;80.69000244
NE;NORDESTE;2010-08-31;51809.00000000;28934.00000000;55.84999847
N;NORTE;2010-08-31;12415.00000000;7375.00000000;59.40999985
SE;SUDESTE;2010-08-31;200105.00000000;117153.00000000;58.54999924
S;SUL;2010-08-31;18895.00000000;15086.00000000;79.83999634
NE;NORDESTE;2010-09-01;51809.00000000;28871.00000000;55.72999954
N;NORTE;2010-09-01;12415.00000000;7288.00000000;58.70000076
SE;SUDESTE;2010-09-01;200105.00000000;116427.00000000;58.18000031
S;SUL;2010-09-01;18895.00000000;14915.00000000;78.93000031
NE;NORDESTE;2010-09-02;51809.00000000;28743.00000000;55.47999954
N;NORTE;2010-09-02;12415.00000000;7182.00000000;57.84999847
SE;SUDESTE;2010-09-02;200105.00000000;115613.00000000;57.77999878
S;SUL;2010-09-02;18895.00000000;14754.00000000;78.08000183
NE;NORDESTE;2010-09-03;51809.00000000;28503.00000000;55.02000046
N;NORTE;2010-09-03;12415.00000000;7076.00000000;57.00000000
SE;SUDESTE;2010-09-03;200105.00000000;114819.00000000;57.38000107
S;SUL;2010-09-03;18895.00000000;14600.00000000;77.26999664
NE;NORDESTE;2010-09-04;51809.00000000;28530.00000000;55.06999969
N;NORTE;2010-09-04;12415.00000000;7017.00000000;56.52000046
SE;SUDESTE;2010-09-04;200105.00000000;114122.00000000;57.02999878
S;SUL;2010-09-04;18895.00000000;14504.00000000;76.76000214
NE;NORDESTE;2010-09-05;51809.00000000;28380.00000000;54.77999878
N;NORTE;2010-09-05;12415.00000000;6995.00000000;56.34000015
SE;SUDESTE;2010-09-05;200105.00000000;113715.00000000;56.83000183
S;SUL;2010-09-05;18895.00000000;14433.00000000;76.37999725
NE;NORDESTE;2010-09-06;51809.00000000;28228.00000000;54.49000168
N;NORTE;2010-09-06;12415.00000000;6955.00000000;56.02000046
SE;SUDESTE;2010-09-06;200105.00000000;113004.00000000;56.47000122
S;SUL;2010-09-06;18895.00000000;14311.00000000;75.73999786
NE;NORDESTE;2010-09-07;51809.00000000;28241.00000000;54.50999832
N;NORTE;2010-09-07;12415.00000000;6915.00000000;55.70000076
SE;SUDESTE;2010-09-07;200105.00000000;112614.00000000;56.27999878
S;SUL;2010-09-07;18895.00000000;14218.00000000;75.25000000
NE;NORDESTE;2010-09-08;51809.00000000;28106.00000000;54.25000000
N;NORTE;2010-09-08;12415.00000000;6859.00000000;55.25000000
SE;SUDESTE;2010-09-08;200105.00000000;111974.00000000;55.95999908
S;SUL;2010-09-08;18895.00000000;14089.00000000;74.55999756
NE;NORDESTE;2010-09-09;51809.00000000;27713.00000000;53.49000168
N;NORTE;2010-09-09;12415.00000000;6793.00000000;54.72000122
SE;SUDESTE;2010-09-09;200105.00000000;111253.00000000;55.59999847
S;SUL;2010-09-09;18895.00000000;13928.00000000;73.70999908
NE;NORDESTE;2010-09-10;51809.00000000;27633.00000000;53.34000015
N;NORTE;2010-09-10;12415.00000000;6739.00000000;54.27999878
SE;SUDESTE;2010-09-10;200105.00000000;110576.00000000;55.25999832
S;SUL;2010-09-10;18895.00000000;13754.00000000;72.79000092
NE;NORDESTE;2010-09-11;51809.00000000;27347.00000000;52.77999878
N;NORTE;2010-09-11;12415.00000000;6694.00000000;53.91999817
SE;SUDESTE;2010-09-11;200105.00000000;110137.00000000;55.04000092
S;SUL;2010-09-11;18895.00000000;13594.00000000;71.94000244
NE;NORDESTE;2010-09-12;51809.00000000;27316.00000000;52.72000122
N;NORTE;2010-09-12;12415.00000000;6650.00000000;53.56999969
SE;SUDESTE;2010-09-12;200105.00000000;109692.00000000;54.81999969
S;SUL;2010-09-12;18895.00000000;13496.00000000;71.43000031
NE;NORDESTE;2010-09-13;51809.00000000;27307.00000000;52.70999908
N;NORTE;2010-09-13;12415.00000000;6583.00000000;53.02999878
SE;SUDESTE;2010-09-13;200105.00000000;108917.00000000;54.43000031
S;SUL;2010-09-13;18895.00000000;13340.00000000;70.59999847
NE;NORDESTE;2010-09-14;51809.00000000;26959.00000000;52.04000092
N;NORTE;2010-09-14;12415.00000000;6525.00000000;52.56000137
SE;SUDESTE;2010-09-14;200105.00000000;108047.00000000;54.00000000
S;SUL;2010-09-14;18895.00000000;13200.00000000;69.86000061
NE;NORDESTE;2010-09-15;51809.00000000;26876.00000000;51.88000107
N;NORTE;2010-09-15;12415.00000000;6478.00000000;52.18000031
SE;SUDESTE;2010-09-15;200105.00000000;107309.00000000;53.63000107
S;SUL;2010-09-15;18895.00000000;13036.00000000;68.98999786
NE;NORDESTE;2010-09-16;51809.00000000;26686.00000000;51.50999832
N;NORTE;2010-09-16;12415.00000000;6424.00000000;51.74000168
SE;SUDESTE;2010-09-16;200105.00000000;106636.00000000;53.29000092
S;SUL;2010-09-16;18895.00000000;12868.00000000;68.09999847
NE;NORDESTE;2010-09-17;51809.00000000;26688.00000000;51.50999832
N;NORTE;2010-09-17;12415.00000000;6363.00000000;51.25000000
SE;SUDESTE;2010-09-17;200105.00000000;105788.00000000;52.86999893
S;SUL;2010-09-17;18895.00000000;12683.00000000;67.12000275
NE;NORDESTE;2010-09-18;51809.00000000;26557.00000000;51.25999832
N;NORTE;2010-09-18;12415.00000000;6316.00000000;50.88000107
SE;SUDESTE;2010-09-18;200105.00000000;105161.00000000;52.54999924
S;SUL;2010-09-18;18895.00000000;12534.00000000;66.33000183
NE;NORDESTE;2010-09-19;51809.00000000;26490.00000000;51.13000107
N;NORTE;2010-09-19;12415.00000000;6281.00000000;50.59000015
SE;SUDESTE;2010-09-19;200105.00000000;104816.00000000;52.38000107
S;SUL;2010-09-19;18895.00000000;12433.00000000;65.80000305
NE;NORDESTE;2010-09-20;51809.00000000;26399.00000000;50.95000076
N;NORTE;2010-09-20;12415.00000000;6198.00000000;49.91999817
SE;SUDESTE;2010-09-20;200105.00000000;103986.00000000;51.97000122
S;SUL;2010-09-20;18895.00000000;12286.00000000;65.01999664
NE;NORDESTE;2010-09-21;51809.00000000;26302.00000000;50.77000046
N;NORTE;2010-09-21;12415.00000000;6119.00000000;49.29000092
SE;SUDESTE;2010-09-21;200105.00000000;103185.00000000;51.56999969
S;SUL;2010-09-21;18895.00000000;12172.00000000;64.41999817
NE;NORDESTE;2010-09-22;51809.00000000;26062.00000000;50.29999924
N;NORTE;2010-09-22;12415.00000000;6045.00000000;48.68999863
SE;SUDESTE;2010-09-22;200105.00000000;102379.00000000;51.15999985
S;SUL;2010-09-22;18895.00000000;12404.00000000;65.65000153
NE;NORDESTE;2010-09-23;51809.00000000;25869.00000000;49.93000031
N;NORTE;2010-09-23;12415.00000000;5978.00000000;48.15000153
SE;SUDESTE;2010-09-23;200105.00000000;101676.00000000;50.81000137
S;SUL;2010-09-23;18895.00000000;12595.00000000;66.66000366
NE;NORDESTE;2010-09-24;51809.00000000;25829.00000000;49.84999847
N;NORTE;2010-09-24;12415.00000000;5917.00000000;47.65999985
SE;SUDESTE;2010-09-24;200105.00000000;101055.00000000;50.50000000
S;SUL;2010-09-24;18895.00000000;12680.00000000;67.11000061
NE;NORDESTE;2010-09-25;51809.00000000;25708.00000000;49.61999893
N;NORTE;2010-09-25;12415.00000000;5855.00000000;47.15999985
SE;SUDESTE;2010-09-25;200105.00000000;100615.00000000;50.27999878
S;SUL;2010-09-25;18895.00000000;12675.00000000;67.08000183
NE;NORDESTE;2010-09-26;51809.00000000;25613.00000000;49.43999863
N;NORTE;2010-09-26;12415.00000000;5836.00000000;47.00999832
SE;SUDESTE;2010-09-26;200105.00000000;100157.00000000;50.04999924
S;SUL;2010-09-26;18895.00000000;12664.00000000;67.01999664
NE;NORDESTE;2010-09-27;51809.00000000;25517.00000000;49.25000000
N;NORTE;2010-09-27;12415.00000000;5783.00000000;46.58000183
SE;SUDESTE;2010-09-27;200105.00000000;99633.00000000;49.79000092
S;SUL;2010-09-27;18895.00000000;12579.00000000;66.56999969
NE;NORDESTE;2010-09-28;51809.00000000;25417.00000000;49.06000137
N;NORTE;2010-09-28;12415.00000000;5728.00000000;46.13999939
SE;SUDESTE;2010-09-28;200105.00000000;99108.00000000;49.52999878
S;SUL;2010-09-28;18895.00000000;12474.00000000;66.01999664
NE;NORDESTE;2010-09-29;51809.00000000;25191.00000000;48.61999893
N;NORTE;2010-09-29;12415.00000000;5679.00000000;45.74000168
SE;SUDESTE;2010-09-29;200105.00000000;98824.00000000;49.38999939
S;SUL;2010-09-29;18895.00000000;12349.00000000;65.34999847
NE;NORDESTE;2010-09-30;51809.00000000;24960.00000000;48.18000031
N;NORTE;2010-09-30;12415.00000000;5623.00000000;45.29000092
SE;SUDESTE;2010-09-30;200105.00000000;98554.00000000;49.25000000
S;SUL;2010-09-30;18895.00000000;12214.00000000;64.63999939
NE;NORDESTE;2010-10-01;51809.00000000;24772.00000000;47.81000137
N;NORTE;2010-10-01;12415.00000000;5562.00000000;44.79999924
SE;SUDESTE;2010-10-01;200105.00000000;98155.00000000;49.04999924
S;SUL;2010-10-01;18895.00000000;12075.00000000;63.90000153
NE;NORDESTE;2010-10-02;51809.00000000;24612.00000000;47.50999832
N;NORTE;2010-10-02;12415.00000000;5524.00000000;44.50000000
SE;SUDESTE;2010-10-02;200105.00000000;97918.00000000;48.93000031
S;SUL;2010-10-02;18895.00000000;12023.00000000;63.63000107
NE;NORDESTE;2010-10-03;51809.00000000;24427.00000000;47.15000153
N;NORTE;2010-10-03;12415.00000000;5469.00000000;44.04999924
SE;SUDESTE;2010-10-03;200105.00000000;98006.00000000;48.97999954
S;SUL;2010-10-03;18895.00000000;12009.00000000;63.56000137
NE;NORDESTE;2010-10-04;51809.00000000;24134.00000000;46.58000183
N;NORTE;2010-10-04;12415.00000000;5430.00000000;43.74000168
SE;SUDESTE;2010-10-04;200105.00000000;97554.00000000;48.75000000
S;SUL;2010-10-04;18895.00000000;11932.00000000;63.15000153
NE;NORDESTE;2010-10-05;51809.00000000;24000.00000000;46.31999969
N;NORTE;2010-10-05;12415.00000000;5380.00000000;43.34000015
SE;SUDESTE;2010-10-05;200105.00000000;97179.00000000;48.56000137
S;SUL;2010-10-05;18895.00000000;11871.00000000;62.83000183
NE;NORDESTE;2010-10-06;51809.00000000;23769.00000000;45.88000107
N;NORTE;2010-10-06;12415.00000000;5317.00000000;42.83000183
SE;SUDESTE;2010-10-06;200105.00000000;96834.00000000;48.38999939
S;SUL;2010-10-06;18895.00000000;11792.00000000;62.40999985
NE;NORDESTE;2010-10-07;51809.00000000;23564.00000000;45.47999954
N;NORTE;2010-10-07;12415.00000000;5247.00000000;42.25999832
SE;SUDESTE;2010-10-07;200105.00000000;96355.00000000;48.15000153
S;SUL;2010-10-07;18895.00000000;11764.00000000;62.25999832
NE;NORDESTE;2010-10-08;51809.00000000;23350.00000000;45.06999969
N;NORTE;2010-10-08;12415.00000000;5199.00000000;41.88000107
SE;SUDESTE;2010-10-08;200105.00000000;95993.00000000;47.97000122
S;SUL;2010-10-08;18895.00000000;11741.00000000;62.13999939
NE;NORDESTE;2010-10-09;51809.00000000;23200.00000000;44.77999878
N;NORTE;2010-10-09;12415.00000000;5171.00000000;41.65000153
SE;SUDESTE;2010-10-09;200105.00000000;95827.00000000;47.88999939
S;SUL;2010-10-09;18895.00000000;11715.00000000;62.00000000
NE;NORDESTE;2010-10-10;51809.00000000;23035.00000000;44.45999908
N;NORTE;2010-10-10;12415.00000000;5162.00000000;41.58000183
SE;SUDESTE;2010-10-10;200105.00000000;95713.00000000;47.83000183
S;SUL;2010-10-10;18895.00000000;11706.00000000;61.95000076
NE;NORDESTE;2010-10-11;51809.00000000;22888.00000000;44.18000031
N;NORTE;2010-10-11;12415.00000000;5142.00000000;41.41999817
SE;SUDESTE;2010-10-11;200105.00000000;95339.00000000;47.63999939
S;SUL;2010-10-11;18895.00000000;11661.00000000;61.70999908
NE;NORDESTE;2010-10-12;51809.00000000;22854.00000000;44.11000061
N;NORTE;2010-10-12;12415.00000000;5134.00000000;41.34999847
SE;SUDESTE;2010-10-12;200105.00000000;95040.00000000;47.49000168
S;SUL;2010-10-12;18895.00000000;11622.00000000;61.50999832
NE;NORDESTE;2010-10-13;51809.00000000;22414.00000000;43.25999832
N;NORTE;2010-10-13;12415.00000000;5118.00000000;41.22999954
SE;SUDESTE;2010-10-13;200105.00000000;94451.00000000;47.20000076
S;SUL;2010-10-13;18895.00000000;11503.00000000;60.88000107
NE;NORDESTE;2010-10-14;51809.00000000;22223.00000000;42.88999939
N;NORTE;2010-10-14;12415.00000000;5091.00000000;41.00999832
SE;SUDESTE;2010-10-14;200105.00000000;93830.00000000;46.88999939
S;SUL;2010-10-14;18895.00000000;11378.00000000;60.22000122
NE;NORDESTE;2010-10-15;51809.00000000;22047.00000000;42.54999924
N;NORTE;2010-10-15;12415.00000000;5048.00000000;40.65999985
SE;SUDESTE;2010-10-15;200105.00000000;93206.00000000;46.58000183
S;SUL;2010-10-15;18895.00000000;11301.00000000;59.81000137
NE;NORDESTE;2010-10-16;51809.00000000;22017.00000000;42.50000000
N;NORTE;2010-10-16;12415.00000000;5009.00000000;40.34999847
SE;SUDESTE;2010-10-16;200105.00000000;92816.00000000;46.38000107
S;SUL;2010-10-16;18895.00000000;11229.00000000;59.43000031
NE;NORDESTE;2010-10-17;51809.00000000;22048.00000000;42.56000137
N;NORTE;2010-10-17;12415.00000000;4972.00000000;40.04999924
SE;SUDESTE;2010-10-17;200105.00000000;92697.00000000;46.31999969
S;SUL;2010-10-17;18895.00000000;11233.00000000;59.45000076
NE;NORDESTE;2010-10-18;51809.00000000;21932.00000000;42.33000183
N;NORTE;2010-10-18;12415.00000000;4913.00000000;39.56999969
SE;SUDESTE;2010-10-18;200105.00000000;92166.00000000;46.06000137
S;SUL;2010-10-18;18895.00000000;11164.00000000;59.08000183
NE;NORDESTE;2010-10-19;51809.00000000;21909.00000000;42.29000092
N;NORTE;2010-10-19;12415.00000000;4871.00000000;39.24000168
SE;SUDESTE;2010-10-19;200105.00000000;91674.00000000;45.81000137
S;SUL;2010-10-19;18895.00000000;11075.00000000;58.61000061
NE;NORDESTE;2010-10-20;51809.00000000;21567.00000000;41.63000107
N;NORTE;2010-10-20;12415.00000000;4838.00000000;38.97000122
SE;SUDESTE;2010-10-20;200105.00000000;91272.00000000;45.61000061
S;SUL;2010-10-20;18895.00000000;10962.00000000;58.00999832
NE;NORDESTE;2010-10-21;51809.00000000;21369.00000000;41.25000000
N;NORTE;2010-10-21;12415.00000000;4803.00000000;38.68999863
SE;SUDESTE;2010-10-21;200105.00000000;90770.00000000;45.36000061
S;SUL;2010-10-21;18895.00000000;10834.00000000;57.34000015
NE;NORDESTE;2010-10-22;51809.00000000;21323.00000000;41.15999985
N;NORTE;2010-10-22;12415.00000000;4761.00000000;38.34999847
SE;SUDESTE;2010-10-22;200105.00000000;90261.00000000;45.11000061
S;SUL;2010-10-22;18895.00000000;10685.00000000;56.54999924
NE;NORDESTE;2010-10-23;51809.00000000;21460.00000000;41.41999817
N;NORTE;2010-10-23;12415.00000000;4761.00000000;38.34999847
SE;SUDESTE;2010-10-23;200105.00000000;89794.00000000;44.86999893
S;SUL;2010-10-23;18895.00000000;10581.00000000;56.00000000
NE;NORDESTE;2010-10-24;51809.00000000;21341.00000000;41.18999863
N;NORTE;2010-10-24;12415.00000000;4763.00000000;38.36999893
SE;SUDESTE;2010-10-24;200105.00000000;89488.00000000;44.72000122
S;SUL;2010-10-24;18895.00000000;10562.00000000;55.90000153
NE;NORDESTE;2010-10-25;51809.00000000;21226.00000000;40.97000122
N;NORTE;2010-10-25;12415.00000000;4744.00000000;38.20999908
SE;SUDESTE;2010-10-25;200105.00000000;88978.00000000;44.47000122
S;SUL;2010-10-25;18895.00000000;10428.00000000;55.18999863
NE;NORDESTE;2010-10-26;51809.00000000;21268.00000000;41.04999924
N;NORTE;2010-10-26;12415.00000000;4713.00000000;37.95999908
SE;SUDESTE;2010-10-26;200105.00000000;88416.00000000;44.18000031
S;SUL;2010-10-26;18895.00000000;10261.00000000;54.29999924
NE;NORDESTE;2010-10-27;51809.00000000;21055.00000000;40.63999939
N;NORTE;2010-10-27;12415.00000000;4678.00000000;37.68000031
SE;SUDESTE;2010-10-27;200105.00000000;88001.00000000;43.97999954
S;SUL;2010-10-27;18895.00000000;10124.00000000;53.58000183
NE;NORDESTE;2010-10-28;51809.00000000;21056.00000000;40.63999939
N;NORTE;2010-10-28;12415.00000000;4636.00000000;37.34000015
SE;SUDESTE;2010-10-28;200105.00000000;87507.00000000;43.72999954
S;SUL;2010-10-28;18895.00000000;9959.00000000;52.70999908
NE;NORDESTE;2010-10-29;51809.00000000;20773.00000000;40.09999847
N;NORTE;2010-10-29;12415.00000000;4590.00000000;36.97000122
SE;SUDESTE;2010-10-29;200105.00000000;86926.00000000;43.43999863
S;SUL;2010-10-29;18895.00000000;9815.00000000;51.93999863
NE;NORDESTE;2010-10-30;51809.00000000;20753.00000000;40.06000137
N;NORTE;2010-10-30;12415.00000000;4526.00000000;36.45999908
SE;SUDESTE;2010-10-30;200105.00000000;86412.00000000;43.18000031
S;SUL;2010-10-30;18895.00000000;9810.00000000;51.91999817
NE;NORDESTE;2010-10-31;51809.00000000;20725.00000000;40.00000000
N;NORTE;2010-10-31;12415.00000000;4482.00000000;36.09999847
SE;SUDESTE;2010-10-31;200105.00000000;86242.00000000;43.09999847
S;SUL;2010-10-31;18895.00000000;9866.00000000;52.20999908
NE;NORDESTE;2010-11-01;51809.00000000;20642.00000000;39.84000015
N;NORTE;2010-11-01;12415.00000000;4439.00000000;35.75999832
SE;SUDESTE;2010-11-01;200105.00000000;85778.00000000;42.86999893
S;SUL;2010-11-01;18895.00000000;9842.00000000;52.09000015
NE;NORDESTE;2010-11-02;51809.00000000;20612.00000000;39.77999878
N;NORTE;2010-11-02;12415.00000000;4431.00000000;35.68999863
SE;SUDESTE;2010-11-02;200105.00000000;85597.00000000;42.77999878
S;SUL;2010-11-02;18895.00000000;9858.00000000;52.16999817
NE;NORDESTE;2010-11-03;51809.00000000;20539.00000000;39.63999939
N;NORTE;2010-11-03;12415.00000000;4404.00000000;35.47000122
SE;SUDESTE;2010-11-03;200105.00000000;85202.00000000;42.58000183
S;SUL;2010-11-03;18895.00000000;9770.00000000;51.70999908
NE;NORDESTE;2010-11-04;51809.00000000;20469.00000000;39.50999832
N;NORTE;2010-11-04;12415.00000000;4372.00000000;35.22000122
SE;SUDESTE;2010-11-04;200105.00000000;84855.00000000;42.40999985
S;SUL;2010-11-04;18895.00000000;9641.00000000;51.02000046
NE;NORDESTE;2010-11-05;51809.00000000;20421.00000000;39.41999817
N;NORTE;2010-11-05;12415.00000000;4330.00000000;34.88000107
SE;SUDESTE;2010-11-05;200105.00000000;84403.00000000;42.18000031
S;SUL;2010-11-05;18895.00000000;9501.00000000;50.27999878
NE;NORDESTE;2010-11-06;51809.00000000;20390.00000000;39.36000061
N;NORTE;2010-11-06;12415.00000000;4293.00000000;34.58000183
SE;SUDESTE;2010-11-06;200105.00000000;84272.00000000;42.11000061
S;SUL;2010-11-06;18895.00000000;9416.00000000;49.83000183
NE;NORDESTE;2010-11-07;51809.00000000;20297.00000000;39.18000031
N;NORTE;2010-11-07;12415.00000000;4301.00000000;34.63999939
SE;SUDESTE;2010-11-07;200105.00000000;84210.00000000;42.08000183
S;SUL;2010-11-07;18895.00000000;9374.00000000;49.61000061
NE;NORDESTE;2010-11-08;51809.00000000;20142.00000000;38.88000107
N;NORTE;2010-11-08;12415.00000000;4262.00000000;34.33000183
SE;SUDESTE;2010-11-08;200105.00000000;83859.00000000;41.90999985
S;SUL;2010-11-08;18895.00000000;9226.00000000;48.83000183
NE;NORDESTE;2010-11-09;51809.00000000;20121.00000000;38.84000015
N;NORTE;2010-11-09;12415.00000000;4229.00000000;34.06000137
SE;SUDESTE;2010-11-09;200105.00000000;83443.00000000;41.70000076
S;SUL;2010-11-09;18895.00000000;9080.00000000;48.04999924
NE;NORDESTE;2010-11-10;51809.00000000;20089.00000000;38.77999878
N;NORTE;2010-11-10;12415.00000000;4182.00000000;33.68999863
SE;SUDESTE;2010-11-10;200105.00000000;83116.00000000;41.54000092
S;SUL;2010-11-10;18895.00000000;8965.00000000;47.45000076
NE;NORDESTE;2010-11-11;51809.00000000;20034.00000000;38.66999817
N;NORTE;2010-11-11;12415.00000000;4139.00000000;33.34000015
SE;SUDESTE;2010-11-11;200105.00000000;82927.00000000;41.43999863
S;SUL;2010-11-11;18895.00000000;8843.00000000;46.79999924
NE;NORDESTE;2010-11-12;51809.00000000;19925.00000000;38.45999908
N;NORTE;2010-11-12;12415.00000000;4123.00000000;33.20999908
SE;SUDESTE;2010-11-12;200105.00000000;82564.00000000;41.25999832
S;SUL;2010-11-12;18895.00000000;8712.00000000;46.11000061
NE;NORDESTE;2010-11-13;51809.00000000;20055.00000000;38.70999908
N;NORTE;2010-11-13;12415.00000000;4083.00000000;32.88999939
SE;SUDESTE;2010-11-13;200105.00000000;82516.00000000;41.24000168
S;SUL;2010-11-13;18895.00000000;8628.00000000;45.65999985
NE;NORDESTE;2010-11-14;51809.00000000;20174.00000000;38.93999863
N;NORTE;2010-11-14;12415.00000000;4083.00000000;32.88999939
SE;SUDESTE;2010-11-14;200105.00000000;82415.00000000;41.18999863
S;SUL;2010-11-14;18895.00000000;8613.00000000;45.58000183
NE;NORDESTE;2010-11-15;51809.00000000;20384.00000000;39.34000015
N;NORTE;2010-11-15;12415.00000000;4092.00000000;32.95999908
SE;SUDESTE;2010-11-15;200105.00000000;82366.00000000;41.15999985
S;SUL;2010-11-15;18895.00000000;8596.00000000;45.49000168
NE;NORDESTE;2010-11-16;51809.00000000;20306.00000000;39.18999863
N;NORTE;2010-11-16;12415.00000000;4068.00000000;32.77000046
SE;SUDESTE;2010-11-16;200105.00000000;82363.00000000;41.15999985
S;SUL;2010-11-16;18895.00000000;8505.00000000;45.00999832
NE;NORDESTE;2010-11-17;51809.00000000;20347.00000000;39.27000046
N;NORTE;2010-11-17;12415.00000000;4036.00000000;32.50999832
SE;SUDESTE;2010-11-17;200105.00000000;82372.00000000;41.15999985
S;SUL;2010-11-17;18895.00000000;8432.00000000;44.61999893
NE;NORDESTE;2010-11-18;51809.00000000;20365.00000000;39.31000137
N;NORTE;2010-11-18;12415.00000000;4002.00000000;32.24000168
SE;SUDESTE;2010-11-18;200105.00000000;82310.00000000;41.13000107
S;SUL;2010-11-18;18895.00000000;8336.00000000;44.11999893
NE;NORDESTE;2010-11-19;51809.00000000;20336.00000000;39.25000000
N;NORTE;2010-11-19;12415.00000000;3969.00000000;31.96999931
SE;SUDESTE;2010-11-19;200105.00000000;82138.00000000;41.04999924
S;SUL;2010-11-19;18895.00000000;8234.00000000;43.58000183
NE;NORDESTE;2010-11-20;51809.00000000;20345.00000000;39.27000046
N;NORTE;2010-11-20;12415.00000000;3960.00000000;31.89999962
SE;SUDESTE;2010-11-20;200105.00000000;82004.00000000;40.97999954
S;SUL;2010-11-20;18895.00000000;8143.00000000;43.09999847
NE;NORDESTE;2010-11-21;51809.00000000;20447.00000000;39.47000122
N;NORTE;2010-11-21;12415.00000000;3963.00000000;31.92000008
SE;SUDESTE;2010-11-21;200105.00000000;81901.00000000;40.93000031
S;SUL;2010-11-21;18895.00000000;8141.00000000;43.08000183
NE;NORDESTE;2010-11-22;51809.00000000;20463.00000000;39.50000000
N;NORTE;2010-11-22;12415.00000000;3942.00000000;31.75000000
SE;SUDESTE;2010-11-22;200105.00000000;81806.00000000;40.88000107
S;SUL;2010-11-22;18895.00000000;8040.00000000;42.54999924
NE;NORDESTE;2010-11-23;51809.00000000;20474.00000000;39.52000046
N;NORTE;2010-11-23;12415.00000000;3918.00000000;31.55999947
SE;SUDESTE;2010-11-23;200105.00000000;81804.00000000;40.88000107
S;SUL;2010-11-23;18895.00000000;8010.00000000;42.38999939
NE;NORDESTE;2010-11-24;51809.00000000;20425.00000000;39.41999817
N;NORTE;2010-11-24;12415.00000000;3898.00000000;31.39999962
SE;SUDESTE;2010-11-24;200105.00000000;81853.00000000;40.90000153
S;SUL;2010-11-24;18895.00000000;7969.00000000;42.16999817
NE;NORDESTE;2010-11-25;51809.00000000;20420.00000000;39.40999985
N;NORTE;2010-11-25;12415.00000000;3882.00000000;31.27000046
SE;SUDESTE;2010-11-25;200105.00000000;81878.00000000;40.91999817
S;SUL;2010-11-25;18895.00000000;7935.00000000;41.99000168
NE;NORDESTE;2010-11-26;51809.00000000;20402.00000000;39.38000107
N;NORTE;2010-11-26;12415.00000000;3873.00000000;31.20000076
SE;SUDESTE;2010-11-26;200105.00000000;81828.00000000;40.88999939
S;SUL;2010-11-26;18895.00000000;7891.00000000;41.75999832
NE;NORDESTE;2010-11-27;51809.00000000;20500.00000000;39.56999969
N;NORTE;2010-11-27;12415.00000000;3857.00000000;31.06999969
SE;SUDESTE;2010-11-27;200105.00000000;81777.00000000;40.86999893
S;SUL;2010-11-27;18895.00000000;7866.00000000;41.63000107
NE;NORDESTE;2010-11-28;51809.00000000;20790.00000000;40.13000107
N;NORTE;2010-11-28;12415.00000000;3885.00000000;31.29000092
SE;SUDESTE;2010-11-28;200105.00000000;81781.00000000;40.86999893
S;SUL;2010-11-28;18895.00000000;7873.00000000;41.66999817
NE;NORDESTE;2010-11-29;51809.00000000;20684.00000000;39.91999817
N;NORTE;2010-11-29;12415.00000000;3888.00000000;31.31999969
SE;SUDESTE;2010-11-29;200105.00000000;81556.00000000;40.75999832
S;SUL;2010-11-29;18895.00000000;7779.00000000;41.16999817
NE;NORDESTE;2010-11-30;51809.00000000;20455.00000000;39.47999954
N;NORTE;2010-11-30;12415.00000000;3886.00000000;31.29999924
SE;SUDESTE;2010-11-30;200105.00000000;81323.00000000;40.63999939
S;SUL;2010-11-30;18895.00000000;7713.00000000;40.81999969
NE;NORDESTE;2010-12-01;51809.00000000;20348.00000000;39.27999878
N;NORTE;2010-12-01;12415.00000000;3887.00000000;31.30999947
SE;SUDESTE;2010-12-01;200105.00000000;81107.00000000;40.52999878
S;SUL;2010-12-01;18895.00000000;7667.00000000;40.58000183
NE;NORDESTE;2010-12-02;51809.00000000;20296.00000000;39.16999817
N;NORTE;2010-12-02;12415.00000000;3891.00000000;31.34000015
SE;SUDESTE;2010-12-02;200108.00000000;81004.00000000;40.47999954
S;SUL;2010-12-02;18895.00000000;7631.00000000;40.38999939
NE;NORDESTE;2010-12-03;51809.00000000;20253.00000000;39.09000015
N;NORTE;2010-12-03;12415.00000000;3889.00000000;31.32999992
SE;SUDESTE;2010-12-03;200108.00000000;80931.00000000;40.43999863
S;SUL;2010-12-03;18895.00000000;7664.00000000;40.56000137
NE;NORDESTE;2010-12-04;51809.00000000;20320.00000000;39.22000122
N;NORTE;2010-12-04;12415.00000000;3884.00000000;31.29000092
SE;SUDESTE;2010-12-04;200108.00000000;80892.00000000;40.41999817
S;SUL;2010-12-04;18895.00000000;7803.00000000;41.29999924
NE;NORDESTE;2010-12-05;51809.00000000;20512.00000000;39.59000015
N;NORTE;2010-12-05;12415.00000000;3900.00000000;31.40999985
SE;SUDESTE;2010-12-05;200108.00000000;81214.00000000;40.59000015
S;SUL;2010-12-05;18895.00000000;8137.00000000;43.06000137
NE;NORDESTE;2010-12-06;51809.00000000;20513.00000000;39.59000015
N;NORTE;2010-12-06;12415.00000000;3913.00000000;31.52000046
SE;SUDESTE;2010-12-06;200108.00000000;81426.00000000;40.68999863
S;SUL;2010-12-06;18895.00000000;8413.00000000;44.52000046
NE;NORDESTE;2010-12-07;51809.00000000;20444.00000000;39.45999908
N;NORTE;2010-12-07;12415.00000000;3922.00000000;31.59000015
SE;SUDESTE;2010-12-07;200108.00000000;81595.00000000;40.77999878
S;SUL;2010-12-07;18895.00000000;8610.00000000;45.56999969
NE;NORDESTE;2010-12-08;51809.00000000;20517.00000000;39.59999847
N;NORTE;2010-12-08;12415.00000000;3932.00000000;31.67000008
SE;SUDESTE;2010-12-08;200108.00000000;81825.00000000;40.88999939
S;SUL;2010-12-08;18895.00000000;8800.00000000;46.56999969
NE;NORDESTE;2010-12-09;51809.00000000;20578.00000000;39.72000122
N;NORTE;2010-12-09;12415.00000000;3943.00000000;31.76000023
SE;SUDESTE;2010-12-09;200108.00000000;81923.00000000;40.93999863
S;SUL;2010-12-09;18895.00000000;8939.00000000;47.31000137
NE;NORDESTE;2010-12-10;51809.00000000;20669.00000000;39.88999939
N;NORTE;2010-12-10;12415.00000000;3957.00000000;31.87000084
SE;SUDESTE;2010-12-10;200108.00000000;81833.00000000;40.88999939
S;SUL;2010-12-10;18895.00000000;9031.00000000;47.79000092
NE;NORDESTE;2010-12-11;51809.00000000;21088.00000000;40.70000076
N;NORTE;2010-12-11;12415.00000000;3985.00000000;32.09999847
SE;SUDESTE;2010-12-11;200108.00000000;81855.00000000;40.90999985
S;SUL;2010-12-11;18895.00000000;9248.00000000;48.93999863
NE;NORDESTE;2010-12-12;51809.00000000;21261.00000000;41.04000092
N;NORTE;2010-12-12;12415.00000000;4005.00000000;32.25999832
SE;SUDESTE;2010-12-12;200108.00000000;81995.00000000;40.97999954
S;SUL;2010-12-12;18895.00000000;9578.00000000;50.68999863
NE;NORDESTE;2010-12-13;51809.00000000;21420.00000000;41.34000015
N;NORTE;2010-12-13;12415.00000000;4024.00000000;32.40999985
SE;SUDESTE;2010-12-13;200108.00000000;81867.00000000;40.90999985
S;SUL;2010-12-13;18895.00000000;9973.00000000;52.77999878
NE;NORDESTE;2010-12-14;51809.00000000;21534.00000000;41.56000137
N;NORTE;2010-12-14;12415.00000000;4046.00000000;32.59000015
SE;SUDESTE;2010-12-14;200108.00000000;81956.00000000;40.95999908
S;SUL;2010-12-14;18895.00000000;10395.00000000;55.00999832
NE;NORDESTE;2010-12-15;51809.00000000;21669.00000000;41.83000183
N;NORTE;2010-12-15;12415.00000000;4099.00000000;33.02000046
SE;SUDESTE;2010-12-15;200108.00000000;82280.00000000;41.11999893
S;SUL;2010-12-15;18895.00000000;10734.00000000;56.81000137
NE;NORDESTE;2010-12-16;51809.00000000;21873.00000000;42.22000122
N;NORTE;2010-12-16;12415.00000000;4161.00000000;33.52000046
SE;SUDESTE;2010-12-16;200108.00000000;82813.00000000;41.38000107
S;SUL;2010-12-16;18895.00000000;11002.00000000;58.22999954
NE;NORDESTE;2010-12-17;51809.00000000;21957.00000000;42.38000107
N;NORTE;2010-12-17;12415.00000000;4236.00000000;34.11999893
SE;SUDESTE;2010-12-17;200108.00000000;83372.00000000;41.65999985
S;SUL;2010-12-17;18895.00000000;11216.00000000;59.36000061
NE;NORDESTE;2010-12-18;51809.00000000;22061.00000000;42.58000183
N;NORTE;2010-12-18;12415.00000000;4304.00000000;34.66999817
SE;SUDESTE;2010-12-18;200108.00000000;83897.00000000;41.93000031
S;SUL;2010-12-18;18895.00000000;11392.00000000;60.29000092
NE;NORDESTE;2010-12-19;51809.00000000;22207.00000000;42.86000061
N;NORTE;2010-12-19;12415.00000000;4385.00000000;35.31999969
SE;SUDESTE;2010-12-19;200108.00000000;84389.00000000;42.16999817
S;SUL;2010-12-19;18895.00000000;11588.00000000;61.33000183
NE;NORDESTE;2010-12-20;51809.00000000;22333.00000000;43.11000061
N;NORTE;2010-12-20;12415.00000000;4443.00000000;35.79000092
SE;SUDESTE;2010-12-20;200108.00000000;84451.00000000;42.20000076
S;SUL;2010-12-20;18895.00000000;11710.00000000;61.97000122
NE;NORDESTE;2010-12-21;51809.00000000;22396.00000000;43.22999954
N;NORTE;2010-12-21;12415.00000000;4504.00000000;36.27999878
SE;SUDESTE;2010-12-21;200108.00000000;84479.00000000;42.22000122
S;SUL;2010-12-21;18895.00000000;11809.00000000;62.50000000
NE;NORDESTE;2010-12-22;51809.00000000;22324.00000000;43.09000015
N;NORTE;2010-12-22;12415.00000000;4562.00000000;36.75000000
SE;SUDESTE;2010-12-22;200108.00000000;84476.00000000;42.22000122
S;SUL;2010-12-22;18895.00000000;11957.00000000;63.27999878
NE;NORDESTE;2010-12-23;51809.00000000;22323.00000000;43.09000015
N;NORTE;2010-12-23;12415.00000000;4612.00000000;37.15000153
SE;SUDESTE;2010-12-23;200108.00000000;84610.00000000;42.27999878
S;SUL;2010-12-23;18895.00000000;12155.00000000;64.33000183
NE;NORDESTE;2010-12-24;51809.00000000;22414.00000000;43.25999832
N;NORTE;2010-12-24;12415.00000000;4666.00000000;37.58000183
SE;SUDESTE;2010-12-24;200108.00000000;84999.00000000;42.47999954
S;SUL;2010-12-24;18895.00000000;12427.00000000;65.76999664
NE;NORDESTE;2010-12-25;51809.00000000;22543.00000000;43.50999832
N;NORTE;2010-12-25;12415.00000000;4746.00000000;38.22999954
SE;SUDESTE;2010-12-25;200108.00000000;85450.00000000;42.70000076
S;SUL;2010-12-25;18895.00000000;12766.00000000;67.55999756
NE;NORDESTE;2010-12-26;51809.00000000;22716.00000000;43.84999847
N;NORTE;2010-12-26;12415.00000000;4826.00000000;38.86999893
SE;SUDESTE;2010-12-26;200108.00000000;85946.00000000;42.95000076
S;SUL;2010-12-26;18895.00000000;13085.00000000;69.25000000
NE;NORDESTE;2010-12-27;51809.00000000;22757.00000000;43.93000031
N;NORTE;2010-12-27;12415.00000000;4869.00000000;39.22000122
SE;SUDESTE;2010-12-27;200108.00000000;86514.00000000;43.22999954
S;SUL;2010-12-27;18895.00000000;13242.00000000;70.08000183
NE;NORDESTE;2010-12-28;51809.00000000;22837.00000000;44.08000183
N;NORTE;2010-12-28;12415.00000000;4852.00000000;39.08000183
SE;SUDESTE;2010-12-28;200108.00000000;87203.00000000;43.58000183
S;SUL;2010-12-28;18895.00000000;13362.00000000;70.72000122
NE;NORDESTE;2010-12-29;51809.00000000;22958.00000000;44.31000137
N;NORTE;2010-12-29;12415.00000000;4885.00000000;39.34999847
SE;SUDESTE;2010-12-29;200108.00000000;87911.00000000;43.93000031
S;SUL;2010-12-29;18895.00000000;13472.00000000;71.30000305
NE;NORDESTE;2010-12-30;51809.00000000;23243.00000000;44.86000061
N;NORTE;2010-12-30;12415.00000000;4935.00000000;39.75000000
SE;SUDESTE;2010-12-30;200108.00000000;88698.00000000;44.31999969
S;SUL;2010-12-30;19735.00000000;14046.00000000;71.16999817
NE;NORDESTE;2010-12-31;51809.00000000;23423.00000000;45.20999908
N;NORTE;2010-12-31;12415.00000000;5002.00000000;40.29000092
SE;SUDESTE;2010-12-31;200108.00000000;89592.00000000;44.77000046
S;SUL;2010-12-31;19735.00000000;14176.00000000;71.83000183
